city,year,population,sample_size,alpha,alpha_ci_lower,alpha_ci_upper,beta,beta_ci_lower,beta_ci_upper,gamma,gamma_ci_lower,gamma_ci_upper
Antananarivo,2016,2757316.0,1157558,6.729840413585834,6.716245560162,6.743435267009668,0.06349487183590488,0.06271615286770194,0.06427359080410783,0.0029532860877811993,0.002893605621280395,0.0030129665542820037
Antananarivo,2023,3872264.0,1388524,7.150412717101286,7.135700303558098,7.1651251306444745,0.08007623470367148,0.079150006314187,0.08100246309315595,0.004149496076854123,0.004064985417922647,0.0042340067357855985
Abidjan,2016,4658790.0,2230953,6.3734077031988505,6.356882454474945,6.389932951922756,0.07409162409730966,0.07292460454646556,0.07525864364815375,0.0032254763499282245,0.0031073617462881796,0.0033435909535682695
Abidjan,2023,5686350.0,2926070,6.681454543122975,6.665887056234575,6.697022030011374,0.09335760023188679,0.09224566615122376,0.09446953431254981,0.004100791166061392,0.0039821637358394245,0.00421941859628336
Yaounde,2016,3272870.0,1688897,6.253016922290399,6.2435611027891635,6.262472741791635,0.047141987352206614,0.04651405547644462,0.04776991922796861,0.0017796036371653591,0.0017265512301160477,0.0018326560442146706
Yaounde,2023,4509287.0,2189998,6.149781010457791,6.140467757900857,6.159094263014725,0.10600328548803016,0.10528013644832553,0.1067264345277348,0.006155838524312256,0.00608315320947011,0.006228523839154403
Lusaka,2016,2294091.0,1996955,5.300918365273466,5.289124533108098,5.312712197438834,0.05705139185299478,0.0563341900918824,0.05776859361410716,0.003989326331244674,0.003939494450470823,0.004039158212018524
Lusaka,2023,3181250.0,2694822,5.6248599898777325,5.6132068227591745,5.6365131569962905,0.08341178334987032,0.08264390326799886,0.08417966343174177,0.00527264306830971,0.005210912631964971,0.005334373504654449
Hanoi,2016,3854847.0,3962536,15.949064258475767,15.908619751463485,15.989508765488049,0.15217728288642457,0.1511712260331656,0.15318333973968354,0.006241148390746838,0.006158640300774208,0.006323656480719468
Hanoi,2023,5253385.0,4573868,16.986804085479854,16.942507375424555,17.031100795535153,0.17129732172653928,0.1701089669683905,0.17248567648468804,0.007206253562206085,0.0070925619481844076,0.007319945176227762
Monterrey,2016,4554656.0,4152160,7.321512424205861,7.304993052839451,7.338031795572271,0.09022507901980233,0.08926487742556295,0.0911852806140417,0.006182085723730613,0.0060911714743115165,0.00627299997314971
Monterrey,2023,5116647.0,4520128,8.142407995660037,8.123819024578957,8.160996966741116,0.11950133539184983,0.11849384375373015,0.12050882702996951,0.00919427481792262,0.009095675427368813,0.009292874208476428
Buenos Aires,2016,14792181.0,6474926,22.142565018506698,22.111359276713074,22.17377076030032,0.5399555610815077,0.5387380871733854,0.5411730349896299,0.051604894273018204,0.05139097351785392,0.05181881502818249
Buenos Aires,2023,15490415.0,6570975,23.927658634476437,23.89136415487658,23.963953114076293,0.5606061427513831,0.5592554867672163,0.5619567987355499,0.05421987117948851,0.053976154610619456,0.054463587748357564
Medan,2016,2237869.0,3562883,8.494749522388524,8.482898234381743,8.506600810395305,0.0929684247587499,0.0925416360988171,0.0933952134186827,0.004126144945089923,0.004098579764172379,0.004153710126007467
Medan,2023,2439054.0,3951887,7.408831882555188,7.396546349769627,7.421117415340749,0.08843883247292744,0.08792914358190149,0.0889485213639534,0.004316796826026484,0.0042832233867430404,0.004350370265309927
Cairo,2016,19229733.0,5003108,13.98953846733392,13.960484073139147,14.018592861528694,-0.03533818502490634,-0.037083131569064065,-0.03359323848074862,-0.024659940948692376,-0.024990371038283013,-0.02432951085910174
Cairo,2023,22183201.0,5304380,13.465897386528512,13.438317618291974,13.493477154765051,-0.03206324908911723,-0.03388234026666575,-0.030244157911568707,-0.025890517124369503,-0.02625547977705917,-0.025525554471679836
Lagos,2016,12634381.0,4349435,6.497553192810551,6.485284744634224,6.509821640986879,0.0020219058246655685,0.0008904114021244245,0.0031534002472067123,-0.006716367687944345,-0.006867374807288231,-0.0065653605686004585
Lagos,2023,15945912.0,4860304,6.430645359603965,6.419028257417152,6.442262461790778,0.008463516917980201,0.007206754634097024,0.009720279201863379,-0.013302831385535164,-0.013495810919427136,-0.013109851851643192
Onitsha,2016,1164996.0,2144884,7.320460933024963,7.3092897396520335,7.331632126397892,0.0412715866166625,0.040962749302095765,0.04158042393122923,0.0011027494357287429,0.0010896351507355623,0.0011158637207219235
Onitsha,2023,1623382.0,2647491,8.207705155162232,8.195556046317938,8.219854264006527,0.07662264108328584,0.07627035337223247,0.07697492879433922,0.002771389375169036,0.002753810401972443,0.002788968348365629
Johannesburg,2016,5146559.0,5896597,12.784237550655424,12.761032516588122,12.807442584722727,0.24832665316623692,0.2475566254813385,0.24909668085113534,0.015669685480737525,0.01559882973738873,0.01574054122408632
Johannesburg,2023,6198016.0,6205373,16.138057034143277,16.109052457243372,16.16706161104318,0.3315753953129126,0.33071634652645526,0.3324344440993699,0.023416195491998363,0.023328917507018033,0.023503473476978693
Kinshasa,2016,12100142.0,2776264,8.2682842698045,8.255341699345482,8.281226840263518,0.22767054744789014,0.22660030237154327,0.228740792524237,0.02335498767472507,0.023188075209430756,0.023521900140019387
Kinshasa,2023,16315534.0,2732789,7.942390375677925,7.933269133305576,7.951511618050274,0.19646531478646292,0.19558056790706796,0.1973500616658579,0.021430014821183764,0.021274993401713942,0.021585036240653586
Luanda,2016,7265449.0,3113025,8.888270001387049,8.86714788618974,8.909392116584359,0.2578906091206476,0.2567732316349895,0.2590079866063057,0.02598416274683065,0.025868794719454608,0.026099530774206695
Luanda,2023,9292336.0,2551240,7.581871137887522,7.562751876403701,7.6009903993713435,0.20851449390317373,0.2072358173552566,0.20979317045109086,0.023208196848367744,0.023062159703203553,0.023354233993531936
Alexandria,2016,4886344.0,1561332,15.48922396060199,15.43889720534829,15.53955071585569,-0.010041278412811114,-0.011563148566380875,-0.008519408259241353,-0.0076859600284905315,-0.007840725425339614,-0.007531194631641449
Alexandria,2023,5588477.0,1630860,16.40918511292581,16.358911059822358,16.459459166029266,0.01726383240582476,0.015729540677182685,0.018798124134466833,-0.0059897994795806795,-0.006155833294202888,-0.005823765664958471
Nairobi,2016,4065018.0,2901339,11.285648287098223,11.263889231439334,11.307407342757111,0.16329003250028534,0.1625416835484306,0.1640383814521401,0.00878845264473438,0.008727965452700569,0.00884893983676819
Nairobi,2023,5325160.0,3418637,14.54799517129341,14.512764668627891,14.583225673958928,0.2764301495934028,0.27532724546219867,0.2775330537246069,0.018063170176854184,0.01796149749361256,0.018164842860095808
Dar es Salaam,2016,5409174.0,3100812,9.12014662055791,9.099723988918257,9.140569252197562,0.23633161730531949,0.2353584516734439,0.23730478293719506,0.018207718500411404,0.01811793040252539,0.01829750659829742
Dar es Salaam,2023,7775865.0,3862885,8.767555254274393,8.748590346342478,8.786520162206308,0.2701110645800894,0.2690378087460258,0.27118432041415297,0.02377530874325562,0.023660736008444778,0.02388988147806646
Kisumu,2016,315809.0,871146,5.797613243687902,5.784409803603746,5.810816683772058,0.028484456279406857,0.028226837611424988,0.028742074947388726,0.00048370165665225325,0.0004780170222855373,0.0004893862910189692
Kisumu,2023,392258.0,1058283,5.713740207926947,5.702066329649887,5.725414086204007,0.024763288751750274,0.024517817983431035,0.025008759520069514,0.000465665519915508,0.00045971935438384105,0.0004716116854471749
Accra,2016,2338452.0,3746231,6.708971669654091,6.699787322683034,6.718156016625149,0.03781530977798796,0.037463838681022245,0.03816678087495367,0.0013725962323019832,0.001352103226077743,0.0013930892385262234
Accra,2023,2660072.0,4444852,5.963229072458603,5.954021094843258,5.972437050073948,0.05201006508319128,0.051594501964037656,0.05242562820234491,0.002056930712236286,0.002031560679126368,0.0020823007453462036
Kano,2016,3660579.0,1958132,5.965883376260349,5.958277067586673,5.973489684934025,0.07946265211378375,0.07892279977325019,0.08000250445431732,0.004338784102606984,0.004291561554756777,0.00438600665045719
Kano,2023,4348481.0,2457795,5.716566949471818,5.708983857307966,5.72415004163567,0.06508282055891444,0.06450553601715152,0.06566010510067737,0.003942573402085587,0.003888846353775301,0.003996300450395872
Algiers,2016,2625638.0,2165318,12.34337500361397,12.309101523051877,12.377648484176062,0.050560469713102886,0.04963241855246097,0.0514885208737448,0.0004622528239375485,0.0003934205881197802,0.0005310850597553168
Algiers,2023,2901810.0,2321501,11.761737537279227,11.727973114807691,11.795501959750764,0.02778810302737352,0.026832998508106498,0.028743207546640545,-0.00038508135386658925,-0.0004565528739827961,-0.0003136098337503824
Kampala,2016,2706790.0,3197576,7.046513743293198,7.035979952199421,7.0570475343869745,0.07355778234480934,0.07306959963334651,0.07404596505627216,0.0036203776116948572,0.003586065611649831,0.0036546896117398836
Kampala,2023,3846102.0,4132295,6.690678582289599,6.679106078671761,6.702251085907437,0.11334438882454836,0.11270885696894496,0.11397992068015177,0.007223355451076374,0.007172718449771183,0.007273992452381565
Addis Ababa,2016,4039927.0,2482888,6.470619917966625,6.4515993763998045,6.489640459533445,0.00925756858373449,0.008044097890617784,0.010471039276851196,-0.0011167501303235563,-0.0012268263055595057,-0.001006673955087607
Addis Ababa,2023,5460591.0,3129105,8.019164037493043,7.993785899186282,8.044542175799805,0.0794882057878066,0.07798535796004616,0.08099105361556705,0.003734627264760655,0.0035765895688883464,0.003892664960632964
Cape Town,2016,4207519.0,2476531,16.94096580833851,16.90445211126148,16.97747950541554,0.32861306294497383,0.327552434019533,0.3296736918704147,0.021700472838377075,0.02159007543834253,0.02181087023841162
Cape Town,2023,4890280.0,2570849,17.82778771415964,17.787089551304547,17.868485877014734,0.3474785105215346,0.34626944640005514,0.3486875746430141,0.024123541024047162,0.023987962690266686,0.024259119357827638
Ibadan,2016,3230579.0,3316328,5.500839062828909,5.494597800217183,5.5070803254406355,0.03531030547347734,0.034888185640941385,0.035732425306013296,0.0009114326037766454,0.0008756860882703911,0.0009471791192828998
Ibadan,2023,3874908.0,4076395,4.604254249473792,4.599151911642346,4.609356587305238,0.061694391879662795,0.06125173381696553,0.06213704994236006,0.00241532170553832,0.0023750446609461648,0.002455598750130475
Dakar,2016,2829709.0,1248723,8.85739319558254,8.836845279623319,8.877941111541762,0.05384709516458444,0.053088448215577885,0.054605742113590997,0.0012781015126173303,0.001222768243114005,0.0013334347821206557
Dakar,2023,3429536.0,1407234,9.197657584923034,9.175256486710989,9.220058683135079,0.052346354755728276,0.05152870765405785,0.0531640018573987,0.0016253912758042877,0.0015641836458227772,0.0016865989057857982
Kumasi,2016,2757821.0,2687765,5.058906363947124,5.05158222323849,5.066230504655759,0.004048004300291774,0.0035652357244202217,0.0045307728761633265,-0.0008179717427850038,-0.000853975833587129,-0.0007819676519828785
Kumasi,2023,3768239.0,3567064,5.259438230101653,5.253103122617006,5.2657733375863,0.06240794555379452,0.061944195263677414,0.06287169584391163,0.00272713700734673,0.002686976890562025,0.0027672971241314353
Maputo,2016,1100459.0,1929678,10.498056270993798,10.47017667812813,10.525935863859466,0.17146417821401352,0.17080950261932953,0.17211885380869751,0.006675658653663512,0.0066431654018740596,0.006708151905452965
Maputo,2023,1162793.0,2392774,10.322463657720396,10.298511477862736,10.346415837578057,0.15525641288212086,0.15470687782353806,0.15580594794070365,0.005797256123551946,0.005770361534650278,0.0058241507124536145
Ouagadougou,2016,2305593.0,1467080,5.348230985263951,5.339922680428918,5.3565392900989846,0.050857172649821016,0.05033351229148828,0.05138083300815375,0.0026497039376586016,0.002610488225387757,0.0026889196499294463
Ouagadougou,2023,3203923.0,2434164,5.458895337616648,5.450756794069287,5.467033881164008,0.06730283845791525,0.06676427604467525,0.06784140087115526,0.004184091079041619,0.004139954662131787,0.00422822749595145
Harare,2016,1504803.0,1958618,8.590383156900987,8.57026761595654,8.610498697845435,0.13232237069229874,0.1316964196294199,0.1329483217551776,0.005545810545459328,0.005510460582895923,0.005581160508022732
Harare,2023,1578128.0,2430801,8.63487600242842,8.616438987876757,8.653313016980084,0.1281022187282291,0.1275345147559799,0.1286699227004783,0.0052476874477703035,0.0052154310952748145,0.0052799438002657925
Kigali,2016,985604.0,1403581,6.051250153771077,6.0411956914239235,6.061304616118231,0.029096549519529672,0.0287468813217607,0.029446217717298644,0.000561349167920129,0.0005465346265221897,0.0005761637093180683
Kigali,2023,1247551.0,1870201,5.807409340141056,5.797023041543938,5.817795638738173,0.02414648990957279,0.023750975663475584,0.024542004155669993,0.0003757189733499755,0.00035722682400129047,0.0003942111226986606
Conakry,2016,1755905.0,975235,6.868717621366199,6.847262933216423,6.890172309515974,0.05104398724042717,0.05033825174914577,0.051749722731708574,0.0018580879761922033,0.0018244737210581761,0.0018917022313262304
Conakry,2023,2110937.0,1060641,7.424047272216517,7.402725388611925,7.445369155821108,0.048923412217845436,0.04821878784961591,0.04962803658607496,0.0017038630278366823,0.0016671647684551735,0.0017405612872181911
Abuja,2016,2591282.0,2146400,9.498149204836562,9.482902025081414,9.51339638459171,0.11396447029051014,0.11347622212749871,0.11445271845352158,0.004633192912188477,0.004600750529370767,0.0046656352950061875
Abuja,2023,3839646.0,2696915,9.363195438258984,9.344795536375303,9.381595340142665,0.16099787003363736,0.16026647935697008,0.16172926071030463,0.0077373310169399565,0.007678083665900158,0.0077965783679797545
Aba,2016,968995.0,1477412,5.456355898974319,5.44931928948971,5.463392508458929,0.03579599748932007,0.03551505253857155,0.036076942440068586,0.0011209286894699128,0.0011096314865139195,0.0011322258924259061
Aba,2023,1188803.0,1541469,5.458172761970664,5.45157706518242,5.464768458758908,0.043091156431303713,0.04281021475729921,0.04337209810530822,0.001605836735342881,0.0015935681540924823,0.0016181053165932797
Brazzaville,2016,2044472.0,2657547,6.739301619795597,6.728476466496495,6.750126773094699,0.042191345348866975,0.04176136369557687,0.04262132700215708,0.0012586362255247396,0.0012329875436584686,0.0012842849073910105
Brazzaville,2023,2637733.0,2581630,6.689586454736317,6.681600106668241,6.697572802804394,0.03271748496596719,0.032359505039261015,0.03307546489267337,0.0008956479241455744,0.0008715236220084626,0.0009197722262826862
Freetown,2016,1073214.0,749099,6.137646330224877,6.12493227176492,6.150360388684834,0.02631900737012767,0.025836873311483852,0.026801141428771488,0.00044113899627149015,0.00042032166190340245,0.00046195633063957786
Freetown,2023,1309168.0,931275,5.738025823201024,5.727131526864579,5.74892011953747,0.027326113437539136,0.026868754131387975,0.027783472743690297,0.0005524211073430038,0.0005310288795402729,0.0005738133351457348
Mombasa,2016,1138846.0,909394,8.638330292354825,8.612335198123356,8.664325386586293,0.08135935267132784,0.080622571219191,0.08209613412346467,0.0025944468628939328,0.002561932455931615,0.0026269612698562503
Mombasa,2023,1440396.0,1130580,8.029836491209961,8.004579693128548,8.055093289291374,0.07932470673166057,0.07850828566878229,0.08014112779453886,0.0028695514871949638,0.0028297864308768723,0.002909316543513055
Monrovia,2016,1317509.0,999136,5.343725622388746,5.330411895463473,5.357039349314019,0.03758585097418907,0.03704522271180595,0.03812647923657218,0.0016983282529352789,0.001670667350455167,0.0017259891554153907
Monrovia,2023,1678020.0,1367699,6.5069857407798715,6.493247883017998,6.520723598541745,0.05709829720033266,0.05657266238063423,0.05762393202003109,0.0021721715161651285,0.002141556417627333,0.002202786614702924
Lilongwe,2016,945082.0,827813,5.241956588491265,5.225877643093383,5.258035533889147,0.03158397094215158,0.030906078577512174,0.03226186330679099,0.0009058842680682415,0.0008749700432907372,0.0009367984928457457
Lilongwe,2023,1276316.0,1103814,5.139911424792764,5.1256014576112205,5.154221391974308,0.03260209411793124,0.03190258480165157,0.03330160343421091,0.0009578149282283151,0.0009198045183187654,0.0009958253381378648
Niamey,2016,1142940.0,743044,5.61828517580186,5.607518694240135,5.629051657363585,0.047907180791910586,0.047342580136991594,0.04847178144682958,0.001830421820782765,0.001793581314978266,0.001867262326587264
Niamey,2023,1437233.0,1084605,5.555315830400788,5.544863378615319,5.565768282186258,0.029191808146589376,0.02860501337460366,0.029778602918575092,0.000996063859278989,0.0009535646733845263,0.001038563045173452
Nouakchott,2016,1104876.0,784547,5.277417308615309,5.263986151445263,5.290848465785356,0.045419701712376005,0.044499854057921215,0.046339549366830796,0.0015591474163920889,0.0014838843996918553,0.0016344104330923224
Nouakchott,2023,1491958.0,1066520,5.9924509664612415,5.978924727652026,6.005977205270457,0.07190873640254891,0.07098503474078464,0.07283243806431318,0.0026321923039944713,0.0025448993038891797,0.002719485304099763
Bujumbura,2016,797334.0,754113,6.505605097663149,6.493113694261905,6.5180965010643925,0.05275884442949399,0.052319806605690404,0.05319788225329757,0.0015735413605957875,0.0015553808259886662,0.0015917018952029088
Bujumbura,2023,1206767.0,949154,6.008800493918313,5.998021288791623,6.0195796990450035,0.03879015451247231,0.038312817328432676,0.03926749169651194,0.0011309425675724578,0.0011059887532888935,0.001155896381856022
Oran,2016,865316.0,1001390,10.768831135484108,10.732000715316735,10.805661555651481,0.035853431158160656,0.034993005404330216,0.0367138569119911,0.0002461483408913378,0.00020003879780789636,0.00029225788397477926
Oran,2023,935947.0,1091722,11.366180848810318,11.323996674357158,11.408365023263478,0.01699403851369133,0.016037937255163,0.017950139772219657,-0.0008888470434156036,-0.0009426233972897012,-0.000835070689541506
Bangui,2016,815276.0,484607,4.5588466674501165,4.5472695194723345,4.570423815427898,0.008183122124062987,0.007502171484414971,0.008864072763711001,-0.00023593323352785465,-0.00027216527439319105,-0.00019970119266251825
Bangui,2023,958335.0,676214,4.263382883992578,4.2526708861540925,4.274094881831063,0.022156781920439527,0.021489087287412622,0.022824476553466432,0.0007819914064740651,0.0007463221363804542,0.000817660676567676
Libreville,2016,768713.0,944648,5.241254137348746,5.2239284198983835,5.258579854799109,0.0036078917594945673,0.002862075045383681,0.004353708473605454,0.00026175518625040764,0.00022640439735074086,0.0002971059751500744
Libreville,2023,869773.0,1133248,5.551029758673237,5.5354691210190685,5.566590396327405,0.005223749499513723,0.004587844847055305,0.00585965415197214,0.0004547618487706893,0.000424309976847264,0.0004852137206941146
Constantine,2016,423520.0,823098,7.224055429942146,7.193247661270739,7.2548631986135526,-0.02795497110423642,-0.028558441316792287,-0.027351500891680553,-0.0009664480754653592,-0.0009851066203495102,-0.0009477895305812082
Constantine,2023,417768.0,918130,7.8163059412295715,7.784241212549007,7.848370669910136,-0.02668526390542135,-0.027255043775165133,-0.026115484035677566,-0.0009228528093183932,-0.0009402397405536881,-0.0009054658780830982
Bobo-Dioulasso,2016,794345.0,522601,5.032675504261766,5.0236129226663335,5.041738085857198,0.029528080847342143,0.029038222474743473,0.030017939219940813,0.0008265563662209292,0.0008011338136370112,0.0008519789188048473
Bobo-Dioulasso,2023,1128646.0,783362,5.32738356476933,5.317762000461863,5.337005129076798,0.027289393550057855,0.02676504971054615,0.027813737389569562,0.0005708595321078056,0.0005392295885176608,0.0006024894756979503
Windhoek,2016,379580.0,517157,8.214764194351275,8.184891774439098,8.244636614263452,0.08466719171282872,0.08394504590598138,0.08538933751967605,0.0024141342737821966,0.00238883657945728,0.0024394319681071133
Windhoek,2023,477267.0,582577,8.490084985775027,8.45733302517367,8.522836946376385,0.10750875990738164,0.10666206583680893,0.10835545397795435,0.003447098000697457,0.0034141760018586206,0.003480019999536293
Jakarta,2016,10286636.0,7657964,12.674362834161636,12.646597863673076,12.702127804650196,0.2347662306024793,0.23349577019846224,0.23603669100649638,0.018166680336959704,0.01800639343024496,0.018326967243674448
Jakarta,2023,11248839.0,8055817,10.576975857902141,10.554463844939873,10.59948787086441,0.18672983482811487,0.1854980585350815,0.18796161112114823,0.015655259141772182,0.015497435913007007,0.015813082370537357
Delhi,2016,26719965.0,5749026,11.333966255584642,11.297681013494968,11.370251497674316,0.13311359371354292,0.1304065786709357,0.13582060875615015,0.015459742063842338,0.014922838298272671,0.015996645829412005
Delhi,2023,32941309.0,6027087,11.217301782014227,11.181394874059679,11.253208689968774,0.17190598234176083,0.16895080023182704,0.1748611644516946,0.02595126210046425,0.025310604668466182,0.02659191953246232
Mumbai,2016,19534652.0,1323235,17.974353570172795,17.895290962527657,18.053416177817933,0.19235470943640803,0.18835900984474743,0.19635040902806863,0.02385298153643878,0.023087739030144595,0.024618224042732968
Mumbai,2023,21296517.0,1260869,18.447755725306514,18.36170392898474,18.53380752162829,0.18344411526657278,0.17906982743479527,0.1878184030983503,0.024173167499960034,0.023303670336246227,0.02504266466367384
Manila,2016,13064268.0,5024162,11.50662430364998,11.472763217775936,11.540485389524024,0.15925761587082238,0.15712223924593216,0.1613929924957126,0.0032874721673396314,0.0029447167102528205,0.003630227624426442
Manila,2023,14667089.0,5271012,12.59514538032914,12.556457487134253,12.633833273524026,0.1705554967833014,0.16816967014312076,0.17294132342348204,0.0005581459295485624,0.0001490501029982766,0.0009672417560988482
Dhaka,2016,18234249.0,3006813,12.931350185613196,12.898998775051139,12.963701596175254,0.24811532226213592,0.24579873105489697,0.2504319134693749,0.01705440522333159,0.01661389166808567,0.017494918778577513
Dhaka,2023,23209616.0,3518443,11.875718371993953,11.845166293378266,11.90627045060964,0.22179092768918185,0.21918888951700571,0.22439296586135798,0.00989389425680233,0.009343277296824142,0.010444511216780517
Kolkata,2016,14508143.0,5244192,11.0442072802231,11.02191495693345,11.06649960351275,0.2193225413928796,0.21782024661968366,0.22082483616607554,0.015759657493390707,0.015514179639978268,0.016005135346803145
Kolkata,2023,15332793.0,5358912,10.516497625942677,10.491074935931675,10.541920315953679,0.19900916128759746,0.19715706922464707,0.20086125335054786,0.010360317377300749,0.010046759798997154,0.010673874955604344
Bangkok,2016,9647526.0,8348732,12.997024527910106,12.96770744667514,13.026341609145073,0.1793436029524518,0.1781364805564797,0.1805507253484239,0.012431791953317199,0.012287310130441438,0.01257627377619296
Bangkok,2023,11069982.0,9057031,12.266364945805519,12.237670042039552,12.295059849571485,0.21411482314643648,0.2127794877715782,0.21545015852129476,0.016281777299197168,0.016111724172831986,0.01645183042556235
Karachi,2016,14650981.0,3436368,10.676705007218509,10.654320593312782,10.699089421124235,0.18331404422247402,0.18174734341522683,0.1848807450297212,0.016013367948085104,0.015754077387877957,0.01627265850829225
Karachi,2023,17236230.0,3630105,9.302039450409818,9.283715718653847,9.32036318216579,0.183088359046017,0.18155478853115345,0.18462192956088055,0.017620560550773153,0.017355238036129653,0.017885883065416653
Bangalore,2016,10556789.0,4529948,9.929690200505647,9.901197029123404,9.95818337188789,-0.015276720848487583,-0.017020581784701307,-0.01353285991227386,-0.010261758338825342,-0.01050199277604053,-0.010021523901610154
Bangalore,2023,13607800.0,5171746,7.5028977992737484,7.477301455922902,7.528494142624595,-0.09511336714968303,-0.09735036949182235,-0.09287636480754372,-0.021097057835106035,-0.021433927231604782,-0.020760188438607288
Ho Chi Minh City,2016,7604915.0,5280143,14.493215488147941,14.46606624873857,14.520364727557311,0.2329233103104364,0.2319632478962393,0.2338833727246335,0.015489244662457506,0.015384413029399961,0.015594076295515052
Ho Chi Minh City,2023,9320866.0,5995475,13.42691359125127,13.398387314057775,13.455439868444763,0.2370832854430038,0.23590092135792304,0.23826564952808457,0.016293187384165315,0.016151113092635175,0.016435261675695454
Chennai,2016,9929919.0,3446918,9.524046767481273,9.501891433981747,9.5462021009808,0.11901962168402588,0.11770532060748404,0.12033392276056773,0.009998498814863812,0.009836422942358423,0.0101605746873692
Chennai,2023,11776147.0,3684603,8.370181779458738,8.346539219741118,8.393824339176359,0.11735980357339885,0.11565058246585493,0.11906902468094278,0.010545341549586194,0.010317603472412411,0.010773079626759977
Hyderabad,2016,8951161.0,4357118,8.362897633925144,8.343747961478043,8.382047306372245,0.02402573567241444,0.022758465416657214,0.025293005928171665,0.0016683745798612344,0.0015123581501248172,0.0018243910095976515
Hyderabad,2023,10801163.0,5097792,9.011130769228954,8.987372395721351,9.034889142736557,0.013187517271618281,0.011633417227712843,0.014741617315523719,-0.0004716027093152159,-0.0006777053331435034,-0.0002655000854869284
Kuala Lumpur,2016,7081137.0,4348867,21.547726669510592,21.47222623730692,21.623227101714264,0.2652952527652632,0.26359844956479556,0.2669920559657309,0.018134750541676906,0.0179606709621817,0.018308830121172112
Kuala Lumpur,2023,8621724.0,4638961,25.748050742674078,25.654980414327543,25.841121071020613,0.34674396478117564,0.34474932991161883,0.34873859965073245,0.025559730712451604,0.02533021354174219,0.025789247883161018
Bandung,2016,2502129.0,4161878,8.230021974581247,8.21824380059325,8.241800148569244,0.07015001739082469,0.06972126505728009,0.07057876972436929,0.0029401627700710795,0.002913263465401807,0.002967062074740352
Bandung,2023,2674000.0,4512840,9.182950711517494,9.169757515065289,9.196143907969699,0.09206739762843562,0.09161804850241011,0.09251674675446113,0.003834291980489416,0.0038048767503664157,0.003863707210612416
Pune,2016,5917128.0,2653218,9.55264087341911,9.51552708657372,9.5897546602645,-0.08023904232638618,-0.08209291826255584,-0.07838516639021652,-0.014128463114027472,-0.014326723464856118,-0.013930202763198826
Pune,2023,7166374.0,3130447,8.416432272385618,8.378441807293843,8.454422737477394,-0.12057174340324005,-0.12281584870609542,-0.11832763810038467,-0.018514772823753713,-0.018768422867908897,-0.01826112277959853
Ahmedabad,2016,7294945.0,2684685,7.065266033989895,7.0442888034178175,7.086243264561972,-0.05171248101864865,-0.053379584991246024,-0.050045377046051276,-0.010241402889558793,-0.010440050634942018,-0.010042755144175568
Ahmedabad,2023,8650605.0,3065199,5.986063229670454,5.9646762289679005,6.007450230373007,-0.1794816510498209,-0.18155185128970144,-0.17741145080994034,-0.02532092061918412,-0.02558385668617678,-0.02505798455219146
Surat,2016,5954102.0,1760361,10.490481473640719,10.460981716625817,10.51998123065562,0.029534386593493944,0.02788712180060009,0.031181651386387798,-0.0045920904973538994,-0.004783161441685436,-0.004401019553022363
Surat,2023,8064949.0,2018816,10.574017496178168,10.542905762133465,10.605129230222872,-0.005488228282251857,-0.007421449623826527,-0.003555006940677186,-0.011145825783508999,-0.011404667394547135,-0.010886984172470863
Surabaya,2016,2868336.0,3687096,7.338358703017894,7.322462627879911,7.354254778155877,0.01414814732132123,0.013472291702778295,0.014824002939864165,-0.000461712850844964,-0.000507658937509094,-0.00041576676418083404
Surabaya,2023,3044413.0,4024617,7.08896488912213,7.073024973143347,7.104904805100913,0.012519532567553025,0.011804228413494502,0.013234836721611548,-0.0007809683815773607,-0.0008308284460284063,-0.0007311083171263151
Jaipur,2016,3520318.0,2743127,8.106452196381788,8.091614446248691,8.121289946514885,0.03887756194724988,0.03816422823366959,0.03959089566083017,1.0698032033022952e-05,-5.214214571837013e-05,7.353820978441603e-05
Jaipur,2023,4207084.0,3270490,7.305166653501917,7.2884689917928025,7.321864315211032,0.022204849142662898,0.02125813590665052,0.023151562378675276,-0.0021914196967071794,-0.0022813632100813093,-0.0021014761833330494
Phnom Penh,2016,1834728.0,1934730,11.133824325515823,11.109697503677147,11.157951147354499,0.10352366015099387,0.10287304121419699,0.10417427908779076,0.003825270195700972,0.003786344724576181,0.003864195666825763
Phnom Penh,2023,2281198.0,2817230,11.221486887327794,11.194791410317647,11.248182364337941,0.11368933977025437,0.1129605914475642,0.11441808809294456,0.004845489552056859,0.004799207083791421,0.004891772020322298
Denpasar,2016,903530.0,2722055,5.330156760962376,5.321676229428969,5.3386372924957834,0.0007296235644777665,0.00044690683457835614,0.0010123402943771767,-5.6040188770018e-05,-6.668498180966617e-05,-4.539539573036983e-05
Denpasar,2023,1053041.0,3046745,5.240894122728234,5.233656993971639,5.248131251484828,0.0017039016367054825,0.0014394008949376782,0.0019684023784732867,-0.00013512175886648878,-0.00014590815672291314,-0.00012433536101006442
Davao,2016,1667352.0,1005712,7.093895582815229,7.075624270301348,7.11216689532911,0.06490884607629956,0.064168259370424,0.06564943278217511,0.0029619683024550945,0.0029196835627423715,0.0030042530421678175
Davao,2023,1949400.0,1304968,7.144303490734819,7.1255146233121645,7.163092358157473,0.05837170016958516,0.05760532747021425,0.05913807286895607,0.002806347885778675,0.0027603823073513987,0.0028523134642059514
Semarang,2016,1736895.0,2503763,6.663546106120657,6.653328580784646,6.673763631456668,0.022555132652702474,0.022138837218324357,0.02297142808708059,0.000454258957184619,0.0004310616461602229,0.0004774562682090151
Semarang,2023,1975306.0,2801679,6.6110888523314255,6.600556522316386,6.621621182346465,0.026733008624434302,0.026275412263850426,0.02719060498501818,0.0004637742917376477,0.00043656314001718253,0.0004909854434581129
Palembang,2016,1611268.0,1670961,6.241948253908825,6.228772524577989,6.2551239832396615,0.0379023940515778,0.03727902973912343,0.038525758364032166,0.0016258428991306562,0.0015885093219947324,0.00166317647626658
Palembang,2023,1818421.0,1941851,5.510146536965421,5.4991436737118775,5.521149400218965,0.040798931055216425,0.040191550122189536,0.041406311988243315,0.001770105654857232,0.0017319000054928323,0.0018083113042216316
Makassar,2016,1478420.0,1591431,7.516291749091693,7.5009886397749135,7.531594858408473,0.04799639220869337,0.047484229557861156,0.04850855485952558,0.0014519583877733208,0.0014249316407402087,0.0014789851348064329
Makassar,2023,1673094.0,1857910,7.973173710589242,7.956690895156368,7.989656526022116,0.06533107815455035,0.0647833624942603,0.0658787938148404,0.0021837703582832705,0.0021531510216364807,0.0022143896949300603
Batam,2016,1262984.0,1192020,7.02306180521107,6.964352676253511,7.081770934168628,0.05689744328530307,0.055609038090207584,0.05818584848039856,0.005152679653216204,0.005108231148433435,0.005197128157998972
Batam,2023,1748142.0,1341989,6.116829904415877,6.06090463570995,6.172755173121804,0.05375986398423741,0.052162401904998004,0.05535732606347682,0.006927638637496903,0.0068641692563614866,0.00699110801863232
Bandar Lampung,2016,1003552.0,1636852,6.947026101260344,6.935558992221815,6.958493210298873,0.03340743090037644,0.033084837788427156,0.03373002401232573,0.000821928199659745,0.0008087475576170607,0.0008351088417024293
Bandar Lampung,2023,1162242.0,1919586,7.196774948005703,7.181915538672814,7.211634357338592,0.05171004794474743,0.05127553304434193,0.052144562845152925,0.0014181319985359336,0.0013989174324602175,0.0014373465646116497
Kathmandu,2016,1227249.0,1731642,9.244754442144592,9.22870811822042,9.260800766068764,0.0672503797567395,0.06675137029363971,0.06774938921983929,0.0017386540483541111,0.0017103928036412536,0.0017669152930669687
Kathmandu,2023,1571010.0,2275523,8.000848952039345,7.988093400304516,8.013604503774173,0.08590766764881964,0.08542890434250006,0.08638643095513923,0.0031800718141915276,0.0031512103011748067,0.0032089333272082485
Sao Paulo,2016,21136155.0,8884227,22.43765786770305,22.39088289420179,22.484432841204306,0.5724613654900614,0.5705876764576543,0.5743350545224686,0.07697446662967201,0.07661093474126915,0.07733799851807488
Sao Paulo,2023,22619736.0,9067164,25.13976708591138,25.084697546808506,25.194836625014254,0.6332606389038274,0.6311969264106531,0.6353243513970018,0.08639388851629451,0.08597717638330195,0.08681060064928707
Mexico City,2016,21419976.0,8380218,9.687517373434115,9.668305753275176,9.706728993593055,0.1836750594770928,0.1820632617422962,0.18528685721188942,0.013362983951763897,0.013065921294279009,0.013660046609248785
Mexico City,2023,22281442.0,8597739,9.172343110367581,9.152427465538896,9.192258755196267,0.15993598876536208,0.1581526795123174,0.16171929801840676,0.009244867519715998,0.008911798385048682,0.009577936654383314
Rio de Janeiro,2016,13057419.0,3537181,21.471674450873333,21.417726185184772,21.525622716561895,0.36928918405357425,0.36746331566894175,0.37111505243820675,0.027333209690396373,0.027049069362167423,0.027617350018625322
Rio de Janeiro,2023,13727720.0,3604537,21.721732372840673,21.664622685563447,21.7788420601179,0.3902112966062222,0.3882639271467012,0.39215866606574323,0.030927427453319275,0.030618611599368014,0.031236243307270536
Lima,2016,10002049.0,4059883,11.677484876554455,11.654766562431533,11.700203190677378,0.11531984463622058,0.1140757364296005,0.11656395284284066,0.004058099222255011,0.003884268455145208,0.004231929989364814
Lima,2023,11204382.0,3756851,11.571001210529978,11.542745167821609,11.599257253238347,0.1259688685050274,0.12433447591373124,0.12760326109632353,0.003991064502721316,0.003753126751125555,0.004229002254317077
Bogota,2016,9988963.0,2944665,10.272544834008597,10.241601403900505,10.30348826411669,0.02351240083275316,0.021735432515283766,0.025289369150222556,-0.00294726292016872,-0.003183214706063699,-0.0027113111342737407
Bogota,2023,11507960.0,3087787,10.801503810902258,10.761657930292154,10.841349691512361,0.06410942314993484,0.061807824604460486,0.06641102169540919,0.0017639030370610433,0.0014425271336367873,0.0020852789404852993
Guadalajara,2016,4870569.0,4245167,7.105455805450271,7.09289019130829,7.118021419592252,0.07628993633403527,0.07551585244481239,0.07706402022325816,0.003766497657124227,0.0036936636798882596,0.0038393316343601947
Guadalajara,2023,5419880.0,4558785,6.124484025797237,6.111206500102676,6.137761551491798,0.048416520735860696,0.047449793383834905,0.04938324808788649,0.002034052135202036,0.001940309126208972,0.0021277951441951
Belo Horizonte,2016,5826257.0,3995847,15.823346426826225,15.791915168204083,15.854777685448367,0.27515632962482667,0.27410775853814695,0.2762049007115064,0.019631631153088594,0.019517535661956305,0.019745726644220883
Belo Horizonte,2023,6247889.0,4231898,16.68621173520505,16.65281731167941,16.719606158730688,0.29643630909700974,0.29534717515489867,0.2975254430391208,0.02188770432356143,0.02176565835521037,0.02200975029191249
Brasilia,2016,4266576.0,1913906,19.12893840193721,19.06122283640693,19.196653967467487,0.3078680304059827,0.306367297839599,0.30936876297236643,0.019272494340851088,0.01914348196234915,0.019401506719353027
Brasilia,2023,4873048.0,2130060,19.00961144575738,18.945884351043308,19.07333854047145,0.31326468944575003,0.311779216807707,0.3147501620837931,0.020049663658456136,0.019914612599638483,0.02018471471727379
Guatemala City,2016,2775437.0,2540295,7.156324819646477,7.138510731447226,7.174138907845728,0.053668564538662665,0.05278081335957889,0.05455631571774644,0.0011107848065334157,0.001043516517280278,0.0011780530957865533
Guatemala City,2023,3095099.0,2866387,7.484356124881658,7.465681742906373,7.503030506856943,0.05285019386130887,0.05193734938673315,0.05376303833588458,0.0012698309917404927,0.0011983186529876165,0.0013413433304933688
Salvador,2016,3646672.0,1552945,14.407115321508618,14.350704813517423,14.463525829499813,0.11870167430086151,0.11691376118687866,0.12048958741484436,0.0030670779369685597,0.002906426475495027,0.003227729398442092
Salvador,2023,3958384.0,1655546,13.78668551382953,13.72879905136452,13.84457197629454,0.11411919326549538,0.11216401537209938,0.11607437115889138,0.0027540026852458676,0.0025734227361904893,0.002934582634301246
La Paz,2016,1767866.0,1625706,13.218624305148541,13.19242792953909,13.244820680757993,0.1805528217619294,0.17987307950102097,0.18123256402283786,0.0073191400844210275,0.007273488754070141,0.007364791414771914
La Paz,2023,1935619.0,1965985,15.00589149506637,14.977793198805728,15.033989791327013,0.184926554172372,0.18425764482914023,0.18559546351560377,0.007285530137915668,0.00723766142713187,0.007333398848699465
Guayaquil,2016,2790791.0,1788128,10.825007531423992,10.798974208885515,10.85104085396247,0.1910173421561363,0.190055171478612,0.1919795128336606,0.011718132901417506,0.011638270340967028,0.011797995461867983
Guayaquil,2023,3142466.0,2011303,9.01891924454098,8.998100298904957,9.039738190177003,0.1371553912465152,0.13622705440279165,0.13808372809023878,0.008127476082939683,0.008048807731863169,0.008206144434016197
Santo Domingo,2016,3018681.0,2037540,7.3817398975159785,7.356831881451247,7.40664791358071,0.06761381875231931,0.06631358587530116,0.06891405162933746,0.0017226190125281962,0.0016126886759867465,0.001832549349069646
Santo Domingo,2023,3523890.0,2311861,7.152502312142995,7.128220813802755,7.1767838104832355,0.07314321892920499,0.07178521756302488,0.0745012202953851,0.0024850065500331953,0.00236532448352202,0.0026046886165443706
Medellin,2016,3800264.0,1890194,11.88938449172201,11.852845157194984,11.925923826249036,0.05833692227766201,0.05699846731380721,0.05967537724151681,-0.0004478905913784554,-0.0005634085864599109,-0.00033237259629700005
Medellin,2023,4102308.0,2088081,10.997086772988343,10.958007097807974,11.036166448168713,0.03201200854613669,0.03045809151076672,0.033565925581506666,-0.002564702514710163,-0.002702288851409893,-0.0024271161780104328
Cali,2016,2623339.0,1344659,8.52271212909412,8.497267283954624,8.548156974233617,0.052340783342804446,0.051167772613301965,0.05351379407230693,0.0006234254926186407,0.0005351202166286413,0.0007117307686086401
Cali,2023,2863730.0,1514631,8.152975388477579,8.127661582638956,8.178289194316202,0.04638448393925693,0.0451636595934251,0.047605308285088764,0.00032504565871666394,0.0002317580594106308,0.0004183332580226971
Quito,2016,1763259.0,2422568,9.606824125222788,9.584642789642665,9.629005460802912,0.07074490821660359,0.07010382886520158,0.0713859875680056,0.0016691532992213602,0.0016299289593458119,0.0017083776390969085
Quito,2023,1956995.0,2690586,9.551332325248262,9.52881287588854,9.573851774607984,0.07344802364649392,0.07276681123711215,0.07412923605587568,0.001629440544082062,0.0015859663997679456,0.0016729146883961783
Tegucigalpa,2016,1274860.0,919946,6.760615713046352,6.741385587011649,6.779845839081055,0.051248738246522,0.0504172325205971,0.0520802439724469,0.0013868205605700459,0.0013444640089695667,0.001429177112170525
Tegucigalpa,2023,1568025.0,1096652,6.3526428582652565,6.3356314620719925,6.369654254458521,0.049404899143521336,0.04858275323159329,0.05022704505544938,0.001643803757393417,0.001598538083271866,0.001689069431514968
Leon,2016,1735927.0,1724944,6.363770711209911,6.352149580271622,6.3753918421482005,0.06003091305612872,0.059458149662001164,0.06060367645025627,0.00211588018582225,0.0020827171775417985,0.0021490431941027016
Leon,2023,1898749.0,1976297,5.59627592594442,5.584389416919634,5.6081624349692065,0.023906674221405577,0.0232479154562235,0.024565432986587653,0.0002586650079123869,0.00021893281586920786,0.00029839719995556594
Puebla,2016,3001427.0,2867702,7.387190134978011,7.373146755604526,7.401233514351497,0.07941831656037293,0.07867888843849163,0.08015774468225423,0.002589981053595619,0.002528142581297857,0.0026518195258933815
Puebla,2023,3344761.0,3145680,6.881967019430152,6.867363914838057,6.896570124022247,0.0806546121900285,0.07981134905959052,0.08149787532046647,0.003001162987500981,0.0029284309356332385,0.0030738950393687237
San Jose,2016,1748592.0,2786067,6.189569914747099,6.17763118120359,6.201508648290608,0.03853290718420348,0.038011276747578836,0.03905453762082812,0.0015026414291617759,0.001473349042730427,0.0015319338155931248
San Jose,2023,1820701.0,3046057,6.1448114813590236,6.133177608286401,6.156445354431646,0.037668329482605976,0.03716252921567299,0.03817412974953896,0.0017716770420405994,0.0017433012729444399,0.001800052811136759
Managua,2016,1033622.0000000001,1260329,4.471250703227606,4.462862924710936,4.479638481744277,0.007441123401296286,0.0070389982694425085,0.007843248533150063,0.00017562338727057804,0.0001593334094011287,0.0001919133651400274
Managua,2023,1094510.0,1375286,4.461243718616065,4.453432317976922,4.4690551192552075,0.01273659414854457,0.012359920628391563,0.013113267668697576,0.00041135751698657215,0.0003957413086944759,0.0004269737252786684
Port-au-Prince,2016,2502942.0,1479292,5.960467679391531,5.94786860614888,5.973066752634182,0.055517594325080646,0.054670814351278414,0.05636437429888288,3.953340817952233e-05,-3.506481637368712e-05,0.00011413163273273178
Port-au-Prince,2023,2987455.0,1718792,5.754887765533702,5.743316286030762,5.766459245036643,0.047715244898722635,0.04687769493698143,0.04855279486046384,-0.0004162955732652891,-0.0004934807363244501,-0.00033911041020612807
Merida,2016,328409.0,1852617,4.015163951581184,4.0063081745643085,4.024019728598059,0.0006690519529647311,0.00038486685575279424,0.0009532370501766681,-2.2101107363832167e-05,-2.94772880657622e-05,-1.4724926661902136e-05
Merida,2023,355046.0,2114587,4.0551865596600525,4.0458871932423355,4.0644859260777695,0.000847709052184942,0.0005515777546143094,0.0011438403497555745,-8.790957937763815e-06,-1.6752717184704627e-05,-8.291986908230007e-07
Cancun,2016,829027.0,719118,5.348734200921984,5.3160133515214865,5.381455050322482,0.02428834734823298,0.022856941921393446,0.02571975277507251,0.0021989973200375766,0.0021280849793503067,0.0022699096607248464
Cancun,2023,1022604.0,851303,5.586727676098725,5.552191746799487,5.621263605397964,0.042516182694254584,0.040992285881271365,0.0440400795072378,0.003593160004500268,0.0035134812753269905,0.0036728387336735454
Queretaro,2016,1237901.0,1735467,6.005208033534108,5.990525396230778,6.019890670837437,0.00529763369704299,0.004686036347090007,0.005909231046995972,-0.0006542733951595414,-0.0006860254780622115,-0.0006225213122568713
Queretaro,2023,1413474.0,2119481,5.410613055450041,5.395953685473736,5.425272425426345,-0.004863945400510894,-0.005542145620708679,-0.004185745180313109,-0.0009112398377526818,-0.0009475306868055373,-0.0008749489886998263
Acapulco,2016,931429.0,774843,9.003430951162787,8.956005353289248,9.050856549036327,0.09002451026177134,0.08872568179448072,0.09132333872906197,0.0032399045474911818,0.0031780990872713097,0.003301710007711054
Acapulco,2023,1018976.0,830556,8.909153897403499,8.86445438012011,8.953853414686888,0.10677358074706633,0.10549520394546498,0.10805195754866768,0.0040796877496127315,0.004017643195637895,0.004141732303587568
San Salvador,2016,1101602.0,1692485,6.800599401832168,6.787503318133566,6.813695485530769,0.030071374999502132,0.02961793514563725,0.030524814853367013,0.00047237627739432907,0.00045136834203019296,0.0004933842127584652
San Salvador,2023,1116052.0,1906563,6.4201375352677985,6.407997694408621,6.432277376126976,0.014360055189607366,0.013934886680172164,0.014785223699042569,4.004385869606874e-05,2.0765862159774896e-05,5.9321855232362587e-05
Asuncion,2016,3050044.0,2579468,7.339201083336338,7.323498436081913,7.354903730590763,0.07311614478482095,0.07236912514791088,0.07386316442173102,0.0025741572361336175,0.0025175787890892166,0.0026307356831780184
Asuncion,2023,3510511.0,2958174,7.25455861437768,7.237274922985355,7.271842305770004,0.05651708910414607,0.05565689063415061,0.05737728757414154,0.0012233972160297763,0.0011550759140877287,0.001291718517971824
