city,year,population,sample_size,A,A_ci_lower,A_ci_upper,B,B_ci_lower,B_ci_upper,C,C_ci_lower,C_ci_upper,center_height,center_height_ci_lower,center_height_ci_upper,R2,RMSE,p95,p99,max,mean_top_1,prop_above_20m,prop_above_30m,gini
Antananarivo,2016,2757316,1157558,1.8085027289856628,1.8066676493648923,1.8103378086064332,-0.052884466,-0.053544305,-0.052224628,0.002329883197414973,0.002280977142385505,0.002378789252444441,6.101305282251707,6.090119168112314,6.112511942647436,0.01902799515098985,2.361517446644311,9.712239583333334,13.76953125,82.57421875,17.79112452013878,0.0018625416609794067,0.00035419391512131574,0.21093095601682704
Antananarivo,2023,3872264,1388524,1.8597770885922857,1.8579955482850525,1.861558628899519,-0.066226125,-0.066967271,-0.065484978,0.0032105738412396803,0.0031458770422969078,0.003275270640182453,6.422305006806892,6.410873597353772,6.433756799928491,0.022259849383354458,2.6399135085271785,10.241194661458318,15.33586263020834,77.10195313,20.603388097860517,0.003591583580838358,0.0007749235879250197,0.21823413198161123
Abidjan,2016,4658790,2230953,1.6486195464624371,1.6466259762739852,1.650613116650889,-0.025415058,-0.026254134,-0.024575981,-0.000395081,-0.000475622,-0.000314539,5.1997967925209,5.1894409586199775,5.210173292095955,0.006301633843421528,2.5733682458133638,9.177734375,13.68359375,95.70052083333331,19.863724219161323,0.002511034522018169,0.0009650584301865615,0.21397627075111977
Abidjan,2023,5686350,2926070,1.7285285160927402,1.7267523747703166,1.7303046574151637,-0.050717963,-0.051499579,-0.049936346,0.0003293390081298584,0.00025086992931700266,0.0004078080869427141,5.632359880736348,5.6223648924928105,5.6423726372663445,0.02709192709220043,2.5459166138643017,8.833007813,15.018690104166671,93.57617188,21.203798048985732,0.0035518630791471152,0.0010584162374789392,0.20827901494636333
Yaounde,2016,3272870,1688897,1.7826659736502577,1.7813499271705948,1.7839820201299206,-0.041528686,-0.042049432,-0.041007939,0.0013726272748200256,0.0013304669566884886,0.0014147875929515627,5.945686351268798,5.937866698319023,5.953516302020018,0.03230183162434008,1.6916327028850193,8.251953125,11.35644531,69.35546875,14.443652107320634,0.0007377596147071136,0.00018414385246702433,0.15152858769725971
Yaounde,2023,4509287,2189998,1.7465422124354264,1.7452586769488225,1.7478257479220303,-0.093002938,-0.093573612,-0.092432263,0.005096240130426469,0.005041702512389047,0.005150777748463891,5.734738844679529,5.7273828257315555,5.742104311400843,0.06963775413071827,1.6515035263590616,7.009765625,10.4424047851561,82.8515625,14.579569102396299,0.0009529689068209195,0.00033105053063975403,0.16249934715479508
Lusaka,2016,2294091,1996955,1.551128788926402,1.5493126557393784,1.5529449221134257,-0.04148773,-0.042073932,-0.040901528,0.0031812185187324042,0.0031396420424141124,0.003222794995050696,4.716791440683515,4.708232893295209,4.725365545656812,-0.008271585,2.0199717954580456,7.61328125,11.170839843749995,86.54589844,15.948200193162387,0.0014201621969448484,0.0005538432263120601,0.1925685653296683
Lusaka,2023,3181250,2694822,1.5867919799757222,1.5851635481037982,1.5884204118476462,-0.056595054,-0.057178217,-0.056011891,0.00345808563130308,0.003411901850366989,0.0035042694122391716,4.888042809811687,4.880089442624723,4.896009139066323,0.0019534551248079346,2.0638560905214804,7.545309244791648,11.587411024305561,91.203125,16.855783316574612,0.0017451987552424613,0.0006412297361384166,0.1918583121608546
Hanoi,2016,3854847,3962536,2.574089142862339,2.5723838048917522,2.575794480832926,-0.151091813,-0.151651629,-0.150531996,0.007480459671019268,0.007439194686859241,0.007521724655179295,13.119361850144857,13.097007970109562,13.141753883623576,0.05167127480168443,7.480232366229409,14.54882813,43.17578125,99.04980469,73.13961100289364,0.022209514311037175,0.013829527353189977,0.28811829020609464
Hanoi,2023,5253385,4573868,2.649457336237715,2.6476411006283738,2.651273571847056,-0.187870369,-0.188548499,-0.187192239,0.010461851701181031,0.010404341166378494,0.010519362235983569,14.14635984520471,14.120690040974,14.172076314212237,0.045182865934549676,8.36365158836905,16.572591145833332,52.05772851562542,99.4765625,79.74314097832732,0.030865779248548494,0.01642657811725218,0.3186658282409109
Monterrey,2016,4554656,4152160,1.7726640233541078,1.771055807425574,1.7742722392826416,-0.037178372,-0.037829746,-0.036526999,0.00163486847382077,0.0015747946432483056,0.0016949423043932344,5.886514303140995,5.877055125314103,5.895988705607311,-0.008673156,3.5666785092884288,10.66162109,16.42773438,99.49121094,28.16819211346438,0.005635620977996994,0.0025492755577819735,0.23036686838774506
Monterrey,2023,5116647,4520128,1.8563594475965737,1.854678540623478,1.8580403545696693,-0.061061881,-0.061766045,-0.060357717,0.003951818038335375,0.003884543405125558,0.004019092671545192,6.400393338364683,6.389643909497638,6.411160851216159,-0.010572941,4.034516992715982,12.050130208333334,18.367128906249896,99.22851563,31.65582529767968,0.007832964022257777,0.0033908331799453466,0.2525246601214926
Buenos Aires,2016,14792181,6474926,2.8071181095979774,2.805627106392769,2.8086091128031856,-0.448956371,-0.44990207,-0.448010672,0.04239216257663829,0.04225182416931064,0.04253250098396594,16.56211916379459,16.537443391435545,16.58683175525119,0.1866756594307981,5.496585144537482,17.6015625,35.52148438,98.43847656,47.18956127845001,0.040201694969178026,0.016400496314552475,0.3069977945960152
Buenos Aires,2023,15490415,6570975,2.863201907221173,2.86165793055413,2.864745883888216,-0.47120127,-0.472201648,-0.470200892,0.04614256969985652,0.045990905240338414,0.04629423415937463,17.51752673100054,17.490500947422014,17.5445942739878,0.16415901327758908,6.363290977296566,19.342447916666668,40.9765625,98.50976563,54.33583182063608,0.04743999178204148,0.022165812531625823,0.3202027019390513
Medan,2016,2237869,3562883,1.9860196855015635,1.9849257441789498,1.9871136268241771,-0.064633221,-0.064940874,-0.064325568,0.0026772486654951726,0.0026581809447189723,0.0026963163862713728,7.2864735100498965,7.278506893880913,7.294448845998103,0.06058650803060406,2.506573559832732,10.09033203,14.432528211805574,98.88476563,20.74722388315467,0.0027034286559508127,0.0009812278427329777,0.1728099912988521
Medan,2023,2439054,3951887,1.8504456557135345,1.8492481439621633,1.8516431674649056,-0.066063872,-0.066408745,-0.065719,0.0032747674632001567,0.0032526913828386265,0.003296843543561687,6.362654444161702,6.355039651007038,6.370278361582772,0.021878478727948236,2.731978683240006,9.363002232142858,14.521716579861126,99.0859375,22.49129169953572,0.0036774836932331315,0.0013386010278127892,0.19108101814584208
Cairo,2016,19229733,5003108,2.501945914333957,2.4998941469132268,2.5039976817546874,0.017906319207463293,0.01629687478146103,0.019515763633465556,-0.019629663,-0.019914727,-0.0193446,12.206223130302876,12.181204474362396,12.231293171403697,-0.011525526,7.4219409195713615,27.27929688,38.99023438,99.04557291666669,46.976313960822885,0.11351583855475436,0.03689426652392873,0.2936332925741842
Cairo,2023,22183201,5304380,2.46883559123176,2.46682720565891,2.47084397680461,0.008849418954421895,0.0071776767859514905,0.0105211611228923,-0.018925587,-0.01924089,-0.018610284,11.80868870247951,11.784996102357203,11.832428934293475,-0.014019145,7.102107254910712,26.19075520833333,37.403388671874986,98.96386719,45.21474904952886,0.10203567617704613,0.03169229957129768,0.2899409560327268
Lagos,2016,12634381,4349435,1.7646398126929208,1.763262336453662,1.7660172889321797,0.007588005787036296,0.006809600281663377,0.008366411292409214,-0.006289136,-0.006388573,-0.006189699,5.839468676751628,5.831430484879661,5.847517948671404,0.01739378140093062,2.7933810130759316,9.151692708333334,13.87792969,97.33398438,23.11453016049355,0.0037462337062170144,0.0016652737654430977,0.19259663513940214
Lagos,2023,15945912,4860304,1.7640206185538718,1.762711552209592,1.7653296848981517,-0.005183806,-0.00600903,-0.004358582,-0.011867911,-0.011985651,-0.011750171,5.8358540311709906,5.828219509206779,5.843498553775284,0.06311577623808551,2.6986797947073113,8.805859375,14.50488281,96.83007813,22.846550065604497,0.003922799890706425,0.0014774795979839944,0.20809889996942824
Onitsha,2016,1164996,2144884,1.900354619479434,1.8987782973323417,1.9019309416265264,-0.035262322,-0.035555822,-0.034968821,0.0009054060708842939,0.0008934398012264372,0.0009173723405421505,6.688265811127884,6.677731254712804,6.698816986492519,0.0561592416125839,1.999842880654841,9.545898438,12.773492838541642,30.89648438,14.632248672281385,0.0001920849798870242,3.7298054346994987e-06,0.1923072685329552
Onitsha,2023,1623382,2647491,2.005860795533193,2.004315012621158,2.0074065784452277,-0.070109668,-0.070441838,-0.069777499,0.0025794669405597398,0.002563645881539162,0.0025952879995803178,7.432488997255315,7.421008857956978,7.443986896079457,0.0822797508786165,2.138979611840989,9.481445313,13.64779575892858,60.76464844,17.127429008647297,0.0015025546829054376,0.00022738509781525224,0.1976938893376001
Johannesburg,2016,5146559,5896597,1.985871296153462,1.984166727182085,1.9875758651248387,-0.083085143,-0.083697011,-0.082473276,0.0029441368727947817,0.002892918014036291,0.0029953557315532723,7.285392355213696,7.272984479504974,7.297821399038483,0.030338078931222645,4.132804726457232,12.0078125,21.124131944444443,95.17285156,34.25870824823323,0.011327720039202273,0.004811588785870902,0.2803236086335535
Johannesburg,2023,6198016,6205373,2.0963034528963678,2.0945414229361865,2.098065482856549,-0.104754952,-0.105443731,-0.104066173,0.00430070352935176,0.00423789911019433,0.00436350794850919,8.136039005298786,8.121715683581103,8.15038758738669,0.03496389784784382,4.877733294659919,13.29492188,24.82188476562505,96.97395833333331,41.16536714581562,0.01637838692371917,0.0069509117340730365,0.29714205047079917
Kinshasa,2016,12100142,2776264,2.0062067006203765,2.004808194674042,2.007605206566711,-0.181326449,-0.182210182,-0.180442715,0.01726632125892664,0.017136110289119207,0.017396532228734076,7.4350603777110535,7.4246696689889635,7.445465628066989,0.1049252773060596,1.716756910570709,7.921875,11.893976562500029,88.20898438,16.811567365389728,0.0016662680494362208,0.00041998887713848537,0.1411125689209014
Kinshasa,2023,16315534,2732789,2.016345803948786,2.0152369082734936,2.0174546996240785,-0.17189975,-0.172699732,-0.171099767,0.01796773952386679,0.017834080062568584,0.018101398985164996,7.510828685394273,7.5025045760845614,7.519162030392559,0.1467345356935238,1.2801631201335795,7.729492188,10.665292968750009,52.83984375,13.609387052463761,0.0006798914954648896,9.074977980370969e-05,0.11340033892528624
Luanda,2016,7265449,3113025,1.933980377343219,1.9323806380042323,1.9355801166822055,-0.163260823,-0.16398169,-0.162539957,0.01602647875171561,0.015951926666945223,0.016101030836485997,6.916987741183106,6.905931209928206,6.928061974161303,0.026696652536378096,3.3769212846567522,8.977539063,17.44140625,97.89257813,30.69881642902323,0.007679347258695321,0.0036456501313031535,0.19949932606077506
Luanda,2023,9292336,2551240,1.8790592133878365,1.877299644198686,1.880818782576987,-0.154851892,-0.155713205,-0.153990579,0.016335182475065477,0.01623735809560023,0.016433006854530724,6.5473423118310174,6.53583193964618,6.5588729551411005,0.015619293966645298,2.960949173103437,8.793945313,15.643427734374958,95.37988281,26.488559133519658,0.0061131057838541255,0.0025869773129928975,0.1959427559304654
Alexandria,2016,4886344,1561332,2.6059413544094925,2.6025341025279753,2.6093486062910096,-0.027333022,-0.028737175,-0.025928869,-0.003767105,-0.003896124,-0.003638087,13.543968978568873,13.49789979401081,13.59019540016368,0.0032982671936113706,8.920841194544407,31.61703404017856,45.02114048549105,97.59960938,51.643249289513705,0.14579986831756475,0.05781025432131027,0.35673433342889055
Alexandria,2023,5588477,1630860,2.656220419662864,2.6529002028997692,2.6595406364259584,-0.045907861,-0.047357168,-0.044458554,-0.002845622,-0.002987178,-0.002704066,14.242357109851026,14.195147812947363,14.289723412355723,0.010777207719047777,8.716363337285646,31.92431641,43.328125,98.53710938,49.12907699491504,0.14479109181658756,0.0597261567516525,0.3508044444250642
Nairobi,2016,4065018,2901339,2.1866649806202463,2.1849238402584388,2.188406120982054,-0.114368323,-0.114956149,-0.113780497,0.0056393546487014945,0.005595026219266319,0.00568368307813667,8.90546364090849,8.889971469658821,8.920982809699247,0.07246338033758037,3.6439594931700476,12.429052734375016,20.09960938,96.66210938,29.991703532998677,0.010138422293982192,0.0033346672002134187,0.24919538347612225
Nairobi,2023,5325160,3418637,2.257135745791159,2.2551950699283205,2.2590764216539974,-0.173217333,-0.173947355,-0.17248731,0.010771335898164593,0.01070940710597362,0.010833264690355567,9.55568003538333,9.537153540560894,9.574242519037126,0.051764916939651795,5.423813224664046,13.306380208333241,31.28059895833333,97.45507813,48.02158160530938,0.022597602494795442,0.01081161878257329,0.29893123052218656
Dar es Salaam,2016,5409174,3100812,1.7934718473676385,1.7917623762520771,1.7951813184832,-0.10838858,-0.109063316,-0.107713845,0.008523013732709096,0.008462965144313725,0.008583062321104467,6.010283070577432,6.000017442169485,6.020566262788756,0.023863891888308952,2.9618144191330456,8.486979166666666,15.944661458333334,98.05078125,25.452385420444813,0.005338924126970613,0.002037853310681202,0.2084308357327286
Dar es Salaam,2023,7775865,3862885,1.7607864881541586,1.759212810956658,1.7623601653516592,-0.126397495,-0.1271056,-0.125689389,0.011144213118041998,0.011071647166120547,0.01121677906996345,5.817010605712601,5.80786370778478,5.826171909237024,0.023146385621605536,2.900831962169108,7.806640625,15.41015625,98.95117188,25.311350232322347,0.005340567995164236,0.0019687358023860405,0.2037132947738546
Kisumu,2016,315809,871146,1.6263801549956283,1.6244354445753815,1.628324865415875,-0.021320718,-0.021520934,-0.021120502,0.00036844449351669127,0.000364146874035297,0.0003727421129980855,5.085432881566977,5.075552797315915,5.095332198415689,0.05344571408002796,1.7119708933032578,6.88671875,11.05078125,59.83398438,15.021840114761146,0.0010641155443519227,0.00026057629834723455,0.17520862856100092
Kisumu,2023,392258,1058283,1.6333697902781614,1.6316387297529014,1.6351008508034215,-0.018308826,-0.01850311,-0.018114542,0.00034944634785691856,0.00034484279817501517,0.00035404989753882196,5.121102717012404,5.1122454467004665,5.129975333073717,0.034815755446793606,1.6253541061300174,6.76171875,10.404680989583312,67.82942708333333,14.5165183100302,0.0009685500003307244,0.0003042664391282861,0.1594189171374867
Accra,2016,2338452,3746231,1.7958326075415265,1.7946318783226287,1.7970333367604243,-0.02249004,-0.022784265,-0.022195816,0.0006365910769624603,0.0006199337753479951,0.0006532483785769255,6.0244886688920785,6.0172592304859736,6.0317267931097245,0.013324428581669157,1.901207621766499,8.613172743055555,11.90429688,94.6328125,15.98726925004662,0.0012695426416577088,0.00038064924453403966,0.1576071583336338
Accra,2023,2660072,4444852,1.6305345488210188,1.6293137113283658,1.6317553863136718,-0.026026736,-0.026336956,-0.025716516,0.0007307247731288875,0.0007124475480210153,0.0007490019982367596,5.106603718076908,5.100373188803481,5.112841858459089,0.013672874742739705,1.9244858458520395,7.052083333333333,11.010115559895894,84.40527344,16.78093365463522,0.0018380814479312248,0.0006902367052941245,0.16487827675949315
Kano,2016,3660579,1958132,1.7360672748909116,1.7348803812254965,1.7372541685563267,-0.071268793,-0.071743642,-0.070793944,0.003609972015331037,0.0035699226156692917,0.0036500214149927826,5.674981337926237,5.668249734164078,5.681720936129596,0.0679367948822086,1.370424456863362,7.650390625,9.764272460937491,53.015625,11.128391268405952,8.273190979974793e-05,7.660362018495178e-06,0.14941036690472892
Kano,2023,4348481,2457795,1.6844714724405137,1.683286332904585,1.6856566119764422,-0.05458356,-0.055079554,-0.054087567,0.0029859034930271684,0.0029409221815652658,0.003030884804489071,5.389601626453256,5.38321797998593,5.39599284291726,0.022803754064726345,1.4882402422938448,7.822265625,10.451669921875009,61.20507813,12.055835957042422,0.00011677133365475965,3.621131949572686e-05,0.15184052821580352
Algiers,2016,2625638,2165318,2.3782567896225815,2.375406543122888,2.381107036122275,-0.052753429,-0.053602763,-0.051904095,0.0005357143786653948,0.00047793835517544414,0.0005934904021553454,10.786084052471091,10.755384825120915,10.81687090500393,0.0054604771278251585,5.640652703202725,18.821503906249987,30.476525607638905,95.25195313,39.432566647064434,0.04022088210600013,0.010674644555672654,0.3037914257700918
Algiers,2023,2901810,2321501,2.3515261153998974,2.348717620173569,2.3543346106262257,-0.038070098,-0.038932439,-0.037207757,0.00023869987271944238,0.00017814066728867627,0.0002992590781502085,10.501584130969006,10.472131859709,10.531119235055602,-0.021835596,6.014571153070024,20.20052083333333,31.87695313,96.5234375,40.46509414366884,0.05155113006628039,0.013546838877088574,0.30171557741945987
Kampala,2016,2706790,3197576,1.7893206696444217,1.7881042954331856,1.7905370438556578,-0.036102384,-0.036480289,-0.03572448,0.0013207050724622154,0.001294849129491496,0.001346561015432935,5.985385031231913,5.978108989327586,5.992669928910849,0.026182819483053454,2.036388650623842,8.391601563,12.7384033203125,88.1484375,17.770968244464832,0.0019805627763030496,0.0005272744103658522,0.16087548240284405
Kampala,2023,3846102,4132295,1.6544523726097,1.6532019654329968,1.6557027797864032,-0.050012771,-0.050450075,-0.049575467,0.002990598443893284,0.0029564309277343333,0.0030247659600522343,5.230214928823072,5.223679117604569,5.2367589175783875,0.009975791238061027,2.327568706526104,7.555820312499989,12.78955078,96.18945313,20.16864909763077,0.003061010891042387,0.0011257666744508802,0.17818775599126646
Addis Ababa,2016,4039927,2482888,1.6745937869762442,1.6726699889253667,1.6765175850271217,0.022038670259514895,0.021279037596060427,0.022798302922969364,-0.003536899,-0.003603253,-0.003470545,5.336626901367501,5.326370178031914,5.346903375559688,-0.019910403,4.022180556001062,12.74609375,21.705898437499854,95.02799479166669,31.99771975593316,0.012263138731992744,0.004361050518589643,0.26127936611993285
Addis Ababa,2023,5460591,3129105,1.8042079372017776,1.802139832138147,1.8062760422654083,-0.026910173,-0.027819963,-0.026000382,-0.00049558,-0.000586252,-0.000404908,6.075157635994289,6.062606554675825,6.08773470112695,-0.017062879,5.10312129776816,13.6875,28.31910937499997,97.02148438,41.13235371368222,0.02192639748426467,0.008662540886291767,0.3008296207111874
Cape Town,2016,4207519,2476531,2.4416361864575706,2.439139933963162,2.4441324389519794,-0.228122261,-0.229034052,-0.22721047,0.014126295094303007,0.014045231222513752,0.014207358966092262,11.491828142338381,11.463177412278492,11.520550481194283,0.13001643207000235,4.2807695197674125,12.12847222222222,24.117460937500073,95.47949219,38.33867469933383,0.015155877313871703,0.006232104504244041,0.2814789983319293
Cape Town,2023,4890280,2570849,2.469619600223834,2.466983533594116,2.472255666853552,-0.235986681,-0.237018924,-0.234954438,0.015009120521969175,0.014910748851115149,0.015107492192823202,11.817950450779422,11.786838570475163,11.849144452264037,0.11173192400218501,4.785664710811002,13.354817708333334,26.796875,95.02441406,41.988951600317144,0.019162152269542085,0.00788260998603963,0.30007763804608734
Ibadan,2016,3230579,3316328,1.6560080445266652,1.6549206022930114,1.657095486760319,-0.029045768,-0.029431797,-0.028659739,0.0005194769859701485,0.0004880305448955576,0.0005509234270447393,5.238357759451785,5.23266444412598,5.244057269296605,0.041294574532410144,1.2416750015214644,6.752929688,8.913957031249993,88.453125,10.970571098324204,0.00013207378763499872,3.226460108891521e-05,0.13497700616613167
Ibadan,2023,3874908,4076395,1.4869509157563563,1.485878883157953,1.4880229483547596,-0.058372997,-0.05877655,-0.057969444,0.002186404656212545,0.0021513498989526804,0.00222145941347241,4.423587045671317,4.418847357160703,4.428331818007047,0.07396416419600182,1.0067304280939442,5.109375,7.037109375,88.51757813,9.340966390413161,8.659612230905004e-05,2.404084981950964e-05,0.1382012702248996
Dakar,2016,2829709,1248723,1.9951300164778565,1.9928952014206442,1.9973648315350687,-0.015153437,-0.015822465,-0.014484408,-0.000986617,-0.001032364,-0.000940871,7.353158997577527,7.336744395763066,7.369610324012363,0.06501839994452085,2.5212438644170354,10.481026785714286,15.548275390625008,86.2734375,21.493586941802423,0.003900785041998906,0.0009505711034392735,0.18300827714663384
Dakar,2023,3429536,1407234,2.0175722901410977,2.015238666593519,2.0199059136886763,-0.013256288,-0.013985956,-0.01252662,-0.000575249,-0.000627194,-0.000523305,7.52004626453102,7.502517767900198,7.537615713839816,0.025981131484248077,2.8954283669218515,11.52539063,17.95507813,78.5625,24.375254941257612,0.006919957874809733,0.0014439673856657812,0.191282581526301
Kumasi,2016,2757821,2687765,1.5501569250966112,1.5488114296328006,1.5515024205604218,0.004801537060420819,0.004366123017860768,0.0052369511029808705,-0.001329243,-0.001360754,-0.001297732,4.712209588518481,4.7058735953734905,4.718554112451288,0.0022877691008441614,1.4912628603948463,7.317949218749982,9.87109375,45.70800781,12.058325871945396,0.00023811605553312882,1.785870416498466e-05,0.15929505255245793
Kumasi,2023,3768239,3567064,1.5960483165592732,1.5948330221551994,1.597263610963347,-0.053276355,-0.053718418,-0.052834292,0.0020874941815699263,0.0020508416914537544,0.002124146671686098,4.9334982300785235,4.927506219053222,4.939497527588007,0.05382238226222602,1.256009392181443,6.088378906,8.412189670138913,52.97607422,11.088962551301414,0.00023997326652956045,3.027700091728099e-05,0.1520619121932721
Maputo,2016,1100459,1929678,1.8786051472486534,1.8764288395653075,1.8807814549319992,-0.095498729,-0.095931874,-0.095065583,0.0036285415448222363,0.0036086094948184237,0.003648473594826049,6.544370060236044,6.530142984254005,6.558628132429266,0.0667149398117346,3.3979791809535422,8.573242188,16.47856553819444,93.93554688,29.808946227232845,0.006623903055328402,0.0034430614848694964,0.2476439707943835
Maputo,2023,1162793,2392774,1.8969137407993544,1.8949568790878597,1.898870602510849,-0.086339317,-0.08671828,-0.085960355,0.003073133540563361,0.0030560974531609075,0.0030901696279658146,6.665291847868818,6.6522615468624355,6.678347672337126,0.0713791939530598,3.1198804689847286,8.400390625,15.428385416666666,94.55110677083331,27.44401987950795,0.005664555031106156,0.0028945483359481506,0.23176045009398002
Ouagadougou,2016,2305593,1467080,1.6219117225640327,1.620570085286107,1.6232533598419585,-0.042787159,-0.043227082,-0.042347235,0.0021102257477422347,0.0020776907046952836,0.002142760790789186,5.062759662949103,5.0559718302789545,5.069556608540349,0.021929238916107985,1.3458756256435258,6.8203125,9.931152344,40.05859375,12.318617674504381,0.0002706055566158628,3.4762930446874065e-05,0.13745581333504156
Ouagadougou,2023,3203923,2434164,1.621747561104083,1.6204503815232478,1.6230447406849182,-0.054027401,-0.054483185,-0.053571616,0.0032333976451493353,0.0031964887828191376,0.003270306507479533,5.061928621145843,5.055366647648002,5.068499112224938,0.016955151723481277,1.4820344003607113,6.641927083333333,9.96484375,61.33789063,13.3219896332814,0.0006507367621902221,0.00011133185767269584,0.1517331198908809
Harare,2016,1504803,1958618,1.8616635706594795,1.859518994591394,1.8638081467275651,-0.083233679,-0.083744165,-0.082723192,0.0032705792972238007,0.003243226611726571,0.0032979319827210305,6.434432005118225,6.420647662297275,6.448245941232095,0.06412757806990188,2.621832322077834,8.74554617745535,13.741028645833365,96.6328125,21.35737390965039,0.0032053213030820713,0.0013897554295937238,0.2286056075360023
Harare,2023,1578128,2430801,1.8854055513853203,1.8834558517990625,1.887355250971578,-0.081626088,-0.082086191,-0.081165985,0.003037119562086899,0.003012505943425944,0.0030617331807478543,6.589026088891666,6.5761919828434925,6.601885242000279,0.07140250272394888,2.512120863954811,8.658203125,13.09418402777778,94.13964844,20.13461820973014,0.002660851299633331,0.0011461242610974736,0.2219953782075169
Kigali,2016,985604,1403581,1.7379796615930525,1.7366138898255326,1.7393454333605725,-0.025342093,-0.025608793,-0.025075394,0.00046549991359092093,0.00045468298399780943,0.0004763168431840324,5.685844480725957,5.6780842154415785,5.6936153520026025,0.06780451132908383,1.692639681886846,7.60546875,10.906396484374966,73.55078125,15.175654229331492,0.0012083378159151485,0.0002764357739239844,0.1579602587881174
Kigali,2023,1247551,1870201,1.6601867479235306,1.658847835116739,1.6615256607303222,-0.01338165,-0.013659721,-0.013103578,2.376783569762078e-06,-1.01E-05,1.4835881169252656e-05,5.260293101540682,5.253254740666774,5.267340892477711,0.03590247876986141,1.8541175760531348,7.333007813,11.09179688,79.9375,16.52305790106791,0.0016768251113115648,0.000615441869617223,0.15719642296216893
Conakry,2016,1755905,975235,1.7612394441271417,1.7587672175676232,1.7637116706866602,-0.034303461,-0.034825373,-0.03378155,0.0013024351030498191,0.001278331305080845,0.0013265389010187931,5.819646052236927,5.805276338612287,5.83405133499861,0.006343195716910888,2.597427950250049,9.392695312499972,15.401996093750002,94.56152344,21.64700666895178,0.004128235758560757,0.0010294954549416294,0.2011224955490378
Conakry,2023,2110937,1060641,1.8366469033092356,1.834344402907962,1.8389494037105092,-0.026626579,-0.027152079,-0.026101079,0.0007869744637401088,0.0007606088075067758,0.0008133401199734417,6.275460716690769,6.261028087815525,6.289926614986519,0.014947323223615805,2.6481582205990324,9.569661458333334,16.00800781250003,83.20703125,23.106897071135847,0.0050478908509099685,0.001467037385882688,0.1882560343644612
Abuja,2016,2591282,2146400,2.136618315964793,2.134878824020512,2.138357807909074,-0.098021215,-0.098489143,-0.097553286,0.0038976486044660806,0.0038688340660974403,0.0039264631428347204,8.470743760491352,8.456021778055021,8.485491373983578,0.17204548173486311,1.9436253607253522,9.389648438,12.69335938,68.47363281,16.449631934128746,0.0012700335445396944,0.0002725493850167723,0.18644803699993998
Abuja,2023,3839646,2696915,2.052436092733664,2.050466713390728,2.0544054720766,-0.127462989,-0.128098085,-0.126827893,0.005781281514157804,0.005734257828446462,0.005828305199869146,7.786847501966207,7.77152733591007,7.802197868969706,0.12718120360632013,2.3525460502256323,8.884765625,13.77734375,94.56640625,19.966074013909306,0.003099467354366007,0.0008480059623681132,0.2188269712044138
Aba,2016,968995,1477412,1.6456629064544557,1.6444177501933035,1.6469080627156079,-0.033652975,-0.033910474,-0.033395477,0.0010756703329859749,0.0010654195456512717,0.001085921120320678,5.184445570492374,5.177994142980885,5.190905036042492,0.045758997088341635,1.3402677149579283,6.987304688,9.31394694010415,40.0546875,10.976070125648786,0.00011777351206027837,8.122311176570923e-06,0.15535064157942438
Aba,2023,1188803,1541469,1.6386855310907875,1.6375232909712742,1.6398477712103008,-0.037608758,-0.037867636,-0.037349881,0.0014293793547702674,0.0014181116244265904,0.0014406470851139443,5.148397653862823,5.14241745544473,5.154384806748038,0.049344495704438995,1.21491015232243,6.538710937499991,8.84375,35.02734375,10.933382616733983,0.00010379709225420686,4.54112278612155e-06,0.1381168965588365
Brazzaville,2016,2044472,2657547,1.8069727854200024,1.8056881639397933,1.8082574069002115,-0.026507155,-0.026832453,-0.026181856,0.0005080815962723298,0.0004894329722901895,0.00052673022025447,6.091977766598705,6.084156905601325,6.099808680898079,0.04299432146961557,1.7956682589795505,7.982421875,12.05371094,88.20898438,17.02564574866348,0.0017407029866263889,0.0004387504717696432,0.1411736152268449
Brazzaville,2023,2637733,2581630,1.8503196952692746,1.8492680049680308,1.8513713855705185,-0.025869114,-0.02617042,-0.025567809,0.0005715445421373774,0.0005519105592699151,0.0005911785250048398,6.361853051854169,6.355165869740246,6.368547270512148,0.0588601230145841,1.3625116520047253,7.802734375,10.789883370535712,52.83984375,13.780255009530125,0.0007197003443560851,9.606333982793816e-05,0.11376515801340298
Freetown,2016,1073214,749099,1.7334739397517716,1.7316634301011917,1.7352844494023514,-0.023070471,-0.023452989,-0.022687954,0.0004069273412637681,0.0003912181255683843,0.00042263655695915186,5.6602832761461865,5.650044550102695,5.670540556293112,0.05131679064675976,2.0466880302260115,8.948242188,12.391023437500007,65.890625,16.04899488285579,0.0012615155006214132,0.00023094410752116877,0.19454800264681457
Freetown,2023,1309168,931275,1.687169255467116,1.6854742060120234,1.6888643049222087,-0.027346112,-0.027720805,-0.026971418,0.00061625090824339,0.0005994786876526735,0.0006330231288341066,5.404161232740168,5.3950086714008565,5.413329321279558,0.043725756412552386,1.8485002823194618,7.979166666666667,11.35742188,78.41601563,14.995606082098607,0.001010442672679928,0.00020724275858366217,0.1849699243872421
Mombasa,2016,1138846,909394,1.9708425811196286,1.96848066678087,1.9732044954583872,-0.059918439,-0.060439424,-0.059397455,0.0018205001216647328,0.0017981043392661857,0.00184289590406328,7.176720911071293,7.159790113463884,7.193691745034947,0.04716346678013239,3.349857904349246,11.738690476190467,18.877044270833267,88.08203125,26.660977116250525,0.008181272363793912,0.00217177592990497,0.24336342791009338
Mombasa,2023,1440396,1130580,1.8616915436220027,1.8595237649591323,1.8638593222848732,-0.048526706,-0.049043242,-0.04801017,0.0016598970407007679,0.001635308430025832,0.0016844856513757037,6.434611997761015,6.420678291220798,6.448575942255718,0.019894257657528613,3.5269191974450558,10.756519717261913,19.30664063,94.875,30.025749398861493,0.009188204284526526,0.0032072033823347308,0.2308666470058029
Monrovia,2016,1317509,999136,1.5431023108185986,1.5409044377614365,1.5453001838757607,-0.019625149,-0.020094383,-0.019155915,0.0009801278373046535,0.0009562990426639317,0.0010039566319453752,4.67908374986413,4.668811010981436,4.689379091753009,-0.00100808,1.512593493978474,6.661132813,9.582485351562502,66.19140625,12.986269992013577,0.000596515389296352,0.00021118246164686288,0.15093111376404647
Monrovia,2023,1678020,1367699,1.7635356408024259,1.761542596725079,1.7655286848797727,-0.040750332,-0.041215754,-0.04028491,0.0013885676665674133,0.0013626604567593932,0.0014144748763754334,5.833024458000664,5.8214105605008575,5.844661525591934,0.04660844501817685,1.5701192104010946,7.100585938,10.51204557291667,70.96972656,14.369662608695762,0.000920524179662338,0.00021203495798417633,0.1492591473856969
Lilongwe,2016,945082,827813,1.5623324283459488,1.5600941515456523,1.5645707051462452,-0.023711225,-0.024186685,-0.023235765,0.0006219480000767388,0.0006008288761422042,0.0006430671240112735,4.769933809295234,4.759269316606547,4.780622198804367,0.0022969612613376045,2.0115594830398167,7.328125,11.647539682539684,74.61523438,16.458670528029508,0.001220082313276066,0.0006849372986411182,0.18433694028003222
Lilongwe,2023,1276316,1103814,1.5359493759739586,1.5338995937201725,1.5379991582277448,-0.021083578,-0.021577064,-0.020590092,0.0004093252562527289,0.00038346205569013463,0.0004351884568153231,4.645733985209054,4.6362209952401905,4.655266494734521,0.0025159101847903598,1.9392180568655468,7.1640625,11.457965494791628,75.64746094,16.152582822155857,0.0012964140697617533,0.0005698423828652291,0.1820479403844785
Niamey,2016,1142940,743044,1.6646296237179286,1.6629536201331048,1.6663056273027523,-0.039051247,-0.039526392,-0.038576102,0.0013732988602041653,0.0013428950992596677,0.0014037026211486628,5.28371592425012,5.274867814223135,5.292578876175293,0.04311220070434474,1.3698592148787991,7.099609375,9.650390625,47.06054688,12.355418832675296,0.0004091278578388359,6.594495077007552e-05,0.1386851249827074
Niamey,2023,1437233,1084605,1.648936619652486,1.647369284916297,1.6505039543886748,-0.018104998,-0.01857551,-0.017634486,0.0002808852972078863,0.0002479105686315848,0.00031386002578418783,5.201445770086983,5.193299748891698,5.209604568834985,0.010642939135540708,1.4916030743510253,7.197265625,9.777552083333326,73.62402344,13.327815993718113,0.000794759382447988,0.00021482475186819164,0.1367318726806741
Nouakchott,2016,1104876,784547,1.6151012804756282,1.6128675550411344,1.617335005910122,-0.041775458,-0.0425394,-0.041011515,0.0010414279910350716,0.0009821840285022508,0.0011006719535678925,5.028397176137284,5.017177652802539,5.039641788817588,0.017912758831366893,1.563191453041933,6.997070313,9.410306919642867,58.763020833333336,12.787276215145015,0.0006500566568988219,8.157573733632274e-05,0.17005540610420772
Nouakchott,2023,1491958,1066520,1.7485438054942803,1.7464795093003844,1.7506081016881763,-0.069954794,-0.070728969,-0.069180619,0.0020106516727241876,0.00194348198232759,0.002077821363120785,5.746228953570341,5.734379269848674,5.758103123814036,0.05047282118089336,1.65899388572009,7.3359375,9.921875,59.33268229166666,13.51677441156862,0.0008072985035442374,0.00025409743839777967,0.17756350839866733
Bujumbura,2016,797334,754113,1.799138373488744,1.7974090743371478,1.8008676726403403,-0.046547289,-0.046911974,-0.046182604,0.0013850568241375355,0.0013702690732321392,0.0013998445750429318,6.04443717275891,6.033993565347511,6.054898855916425,0.09096324124412858,1.7041047951848212,8.10079985119048,11.361171875000005,44.76367188,14.511088572705647,0.0007412682184234989,0.00017901826384109543,0.17100065752740853
Bujumbura,2023,1206767,949154,1.7254211121964713,1.7238875259987645,1.7269546983941781,-0.030886118,-0.031267973,-0.030504262,0.0007822747586031034,0.0007630363354635478,0.000801513181742659,5.614885028471136,5.606280717702243,5.62350254481562,0.05619216309516473,1.6289677675113763,7.630580357142857,10.86132813,73.51171875,14.353932998846357,0.0008955343390008365,0.00022546393946609297,0.1549805563653201
Oran,2016,865316,1001390,2.2128518297809237,2.2098631062077887,2.2158405533540586,-0.03051239,-0.03116425,-0.02986053,8.772479672141221e-05,5.661219064873862e-05,0.00011883740279408579,9.141749968543285,9.114468593464496,9.16911300207737,0.012957651267701542,5.462874105596547,16.7984375,30.142358398437466,98.09830729166669,42.479210935202865,0.029198414204256083,0.010143899979029149,0.29175640374475476
Oran,2023,935947,1091722,2.27695044605481,2.273878725750935,2.2800221663586844,-0.019725362,-0.020408038,-0.019042687,-0.000593234,-0.000626665,-0.000559802,9.746911309523846,9.717017460431121,9.776897125335497,0.0050874118226234,6.511859178747321,19.70898438,36.83450976562508,98.66210938,49.45917550920319,0.04830991772630761,0.01795603642685592,0.30990332260570447
Bangui,2016,815276,484607,1.4680398003552746,1.4661187265130937,1.4699608741974555,-0.005437136,-0.005924018,-0.004950253,-0.000319448,-0.000343097,-0.000295799,4.340718122140272,4.332387286736633,4.349064977076315,0.006183855248022785,1.4786928897282179,6.453125,9.28515625,65.88020833333333,12.813354420790832,0.0006706465238843022,0.00017746338785861533,0.15053755372386976
Bangui,2023,958335,676214,1.3864138728366742,1.38461649814151,1.3882112475318382,-0.016631495,-0.017098156,-0.016164833,0.0005718226227300316,0.0005470887064108077,0.0005965565390492556,4.000478075434373,3.9932941753871067,4.007674899252748,-0.002337686,1.5224305949773462,5.83203125,8.383789063,85.57682291666667,12.659964332567943,0.0008296190259296613,0.00029428553682709914,0.15517905639744506
Libreville,2016,768713,944648,1.5632549302939516,1.5610212794708902,1.565488581117013,0.0008999191840325271,0.0003899581278003707,0.0014098802402646834,4.2633141259247785e-05,1.8175641611099514e-05,6.709064090739605e-05,4.774336112780724,4.763683814179475,4.7850122314905095,-0.018665309,2.8196311291474188,9.09765625,15.211902832031262,78.99804688,24.03417515468635,0.005287683878015938,0.002054733615060848,0.20988714391511706
Libreville,2023,869773,1133248,1.6299905216721842,1.6281019934290681,1.6318790499153002,0.00028890991754571064,-0.000148316,0.0007261358653692044,0.0002033863559589239,0.00018205987012925276,0.00022471284178859506,5.103826342568275,5.094196718143259,5.113474169994017,-0.013241412,2.6914611227947365,9.116210938,14.959558919270837,85.84179688,23.43524408699455,0.004865660473259163,0.0018213136047890665,0.18646934206865354
Constantine,2016,423520,823098,1.900669115827794,1.896837338156827,1.9045008934987608,0.018107396253636804,0.017573805961821554,0.018640986545452053,-0.000790801,-0.000806676,-0.000774927,6.6903695770983616,6.664782621411796,6.716054764391043,-0.049091206,5.261983064461676,17.652740885416662,25.55175781,76.76236979166667,32.94708588119473,0.026132975660249448,0.005455000498118086,0.32052328942026587
Constantine,2023,417768,918130,1.9859432460559565,1.9822583290549352,1.9896281630569779,0.017034558353763923,0.01653185371754726,0.017537262989980585,-0.000760128,-0.000774896,-0.00074536,7.285916557341208,7.259117965168958,7.312814082268906,-0.047754542,5.613309569883723,18.44882813,28.092631835937482,78.6484375,35.98750422284704,0.03345060067746398,0.007596963392983564,0.3158262781478101
Bobo-Dioulasso,2016,794345,522601,1.5966187244865329,1.595023649689862,1.5982137992832037,-0.030558622,-0.030974143,-0.030143101,0.0008245683464715069,0.0008038097266559682,0.0008453269662870456,4.9363131393250335,4.928445626951456,4.944193210983147,0.039942352798793324,1.128183448881934,6.337890625,8.897705078,31.546875,10.58982988496016,0.0001128968371664042,5.7405171440544505e-06,0.12444969551416356
Bobo-Dioulasso,2023,1128646,783362,1.6479727514816078,1.6463687984665807,1.649576704496635,-0.028242522,-0.028683811,-0.027801232,0.0005344972120931792,0.0005094980029481578,0.0005594964212382005,5.196434677470944,5.188106521173787,5.204776202458013,0.033214064723447345,1.3444640630502924,6.827148438,9.765200195312502,38.25,12.069891189209201,0.00036126337504244525,3.446682376730043e-05,0.1405132778870803
Windhoek,2016,379580,517157,1.9560656929727986,1.9530655455581831,1.9590658403874142,-0.074802803,-0.075339044,-0.074266562,0.002180736981696097,0.002161370380326695,0.0022001035830654992,7.071451005242247,7.050267402645831,7.092698257200217,0.0701392471776544,3.068347368201222,10.195814732142853,16.6796875,88.38085938,25.022267966183286,0.006015581341836232,0.002028397565922921,0.25585071946922094
Windhoek,2023,477267,582577,1.9349295835106672,1.9319604246293074,1.937898742392027,-0.087529206,-0.088108208,-0.086950203,0.0028669621085290584,0.0028436925037907163,0.0028902317132674005,6.9235565056698825,6.903029854904269,6.944144193893034,0.06811812146531326,3.360663048231747,9.975325520833318,17.537640624999995,90.230712890625,28.17428115732397,0.0072711418404777396,0.0027927638749899153,0.26611398482239457
Jakarta,2016,10286636,7657964,2.200192848859097,2.198859523078059,2.201526174640135,-0.140785785,-0.141466262,-0.140105308,0.010320379723831517,0.010240710086197348,0.010400049361465685,9.026754130824818,9.014726546948776,9.038797762084343,0.019039964505362605,5.979060947181015,12.45941840277778,29.050515136718754,98.98925781,55.90802569507436,0.016961557928452,0.009600071246090998,0.2543405184620923
Jakarta,2023,11248839,8055817,2.0530762886826746,2.051898155629126,2.054254421736223,-0.091989387,-0.092612791,-0.091365983,0.00687957806754742,0.006803782759375815,0.006955373375719024,7.791834206256154,7.782659794230193,7.801019433329702,0.005984709235823171,5.317354337916082,11.14355469,27.33398438,98.95117188,50.48119028676661,0.015192251760435968,0.008904993745513335,0.21811572679036603
Delhi,2016,26719965,5749026,2.3016486372203704,2.299400081728036,2.303897192712705,-0.086435077,-0.088265184,-0.084604971,-0.002267902,-0.002620502,-0.001915301,9.99063982564194,9.968200555017075,10.013129608981052,-0.023930894,6.981230745731489,15.236868722098215,39.796875,98.96614583333331,61.759793107303636,0.030139714101136438,0.01534346861537937,0.28070073079210095
Delhi,2023,32941309,6027087,2.2689849137953155,2.266755502528573,2.2712143250620582,-0.106698126,-0.108687104,-0.104709149,0.0028807273631176224,0.0024600738539919515,0.0033013808722432932,9.669580372977252,9.648046913936096,9.691161892508001,-0.024637189,6.890381482360403,15.5,39.00651041666666,99.00927734,60.385451103785435,0.030993413567781583,0.015225265538725424,0.2828306749525429
Mumbai,2016,19534652,1323235,2.6236170754144283,2.619806408393512,2.6274277424353447,-0.166405201,-0.169533184,-0.163277219,0.01629687933989241,0.015722031104296267,0.016871727575488552,13.78549669543769,13.733064721657938,13.838128851181931,-0.047121206,12.891834284953829,36.26367188,73.97802734,99.4609375,85.94876550821954,0.15695171303661104,0.06959988210710871,0.4090671381941704
Mumbai,2023,21296517,1260869,2.6227454542899786,2.618544647050129,2.6269462615298282,-0.161957168,-0.165557995,-0.15835634,0.01601994509927047,0.015329414588357479,0.016710475610183465,13.77348620036791,13.715747798675416,13.831467660118848,-0.063105495,14.14494150779901,41.277929687499864,76.15687500000013,99.56152344,86.89843352062525,0.18486297942133562,0.08870231562517597,0.4352467168663511
Manila,2016,13064268,5024162,2.1876512754923385,2.1859821869869633,2.1893203639977137,-0.127554886,-0.12858842,-0.126521353,0.004668824842166245,0.004520290568667286,0.004817359115665204,8.914251386973186,8.89938512245605,8.92914248532071,0.022727658187148725,6.752525460257178,13.05056287977431,33.921636718749866,99.34179688,63.00940317045065,0.021802441879859767,0.011762160535428594,0.2805582641411119
Manila,2023,14667089,5271012,2.2767223031029715,2.2749856550228866,2.2784589511830564,-0.16118871,-0.162316033,-0.160061387,0.006966208134598585,0.006795919696434423,0.007136496572762746,9.744687874046596,9.727779466785181,9.761625670773212,0.025035220244070566,7.626408335241103,14.47460938,43.36126674107124,99.7890625,70.91925228331192,0.02832549043713048,0.015763007179645957,0.3029941494017877
Dhaka,2016,18234249,3006813,2.391856047148125,2.3895157083094087,2.3941963859868416,-0.26899165,-0.270845275,-0.267138025,0.02243216768378066,0.022113827320685054,0.022750508046876266,10.933768711994187,10.908209908220394,10.959387402078917,0.03331701108473761,6.100521834566274,18.635416666666668,32.24861979166659,96.20768229166669,44.40140000141292,0.03958210903039198,0.01203167606365943,0.35300107021541766
Dhaka,2023,23209616,3518443,2.3212830160563502,2.3188964897719124,2.323669542340788,-0.277983618,-0.280063029,-0.275904207,0.022223319975548446,0.021826578035681214,0.022620061915415678,10.188738238417619,10.16445153875702,10.213082968142915,0.017636942719715165,6.150622155033877,19.01513672,32.54782812500004,94.28710938,42.27043858315742,0.04328278161675491,0.012931856505846478,0.3716727623891862
Kolkata,2016,14508143,5244192,2.268357334797034,2.2668396044517842,2.269875065142284,-0.210302615,-0.211296403,-0.209308828,0.016101737868026787,0.015953641751027786,0.01624983398502579,9.66351385122291,9.64885836735871,9.678191595047734,0.043423780040174,4.673637405518073,12.79248047,24.56953125,99.21289063,40.75477506966857,0.01431621878070063,0.00695722048315546,0.2629241839835469
Kolkata,2023,15332793,5358912,2.2263038670493818,2.224604720376159,2.2280030137226046,-0.215760844,-0.216896007,-0.214625681,0.014329365176745167,0.014156205346748206,0.014502525006742128,9.265555984427623,9.249825813519454,9.281312905923508,0.02862194650878347,5.352524575570413,13.320963541666666,28.384658203124673,99.45898438,45.703850155701815,0.018466621582888466,0.008938008312135001,0.30094700221671544
Bangkok,2016,9647526,8348732,2.273367036614863,2.2718046614875735,2.2749294117421526,-0.137705497,-0.13845515,-0.136955843,0.010844984486739269,0.010761368720963026,0.010928600252515512,9.712046640027452,9.696884627381943,9.727232359939398,-0.001000573,6.895507864462546,15.68359375,35.63631510416599,99.3359375,61.39120374136013,0.028424915304503726,0.012532442052278119,0.29773420126932254
Bangkok,2023,11069982,9057031,2.1866787409636625,2.1851088933988208,2.1882485885285043,-0.163763416,-0.164560483,-0.162966349,0.01395555967694424,0.013861378154400103,0.014049741199488376,8.905586183989586,8.891616739023625,8.91957757607702,-0.001341191,6.690120585659011,14.66257052951389,34.89694010416618,99.31054688,59.24017520903232,0.025580899524358477,0.012382203395351081,0.31108221779715023
Karachi,2016,14650981,3436368,2.17967352456169,2.177860380653975,2.1814866684694048,-0.122708957,-0.123942907,-0.121475007,0.008207509323918418,0.008015797139050413,0.008399221508786423,8.843418628403477,8.827398765341332,8.859467564131231,0.020311563686388867,4.2175373880778375,13.618489583333334,22.94335938,99.12109375,35.01891942502228,0.014441701238051339,0.005150496105190131,0.24230561165034614
Karachi,2023,17236230,3630105,2.0684131277901336,2.066632676496923,2.070193579083344,-0.132667364,-0.133942958,-0.131391769,0.010441362428463666,0.010232568313467484,0.01065015654345985,7.9122574089996265,7.898182553578943,7.926357346336786,0.016923851013456837,3.516682444775144,11.997209821428571,20.799296874999982,97.07226563,28.810407611319476,0.011138245312463414,0.0031775940365361332,0.23710535213537626
Bangalore,2016,10556789,4529948,2.2544399274756324,2.2525960493486488,2.256283805602616,-0.028667689,-0.029718551,-0.027616827,-0.005978679,-0.006114189,-0.005843169,9.529954349594078,9.512398465646916,9.54754263431401,-0.009937177,6.746434266883638,17.03320313,41.61695800781263,99.02148438,57.766864274596685,0.03372025462543941,0.01791477518064225,0.28185983835725487
Bangalore,2023,13607800,5171746,2.0051862021244493,2.00320545577192,2.0071669484769785,0.01376737293811739,0.012519774818092631,0.015014971058142148,-0.0124592,-0.012638485,-0.012279915,7.427476779961661,7.412779393124198,7.44220330744508,-0.023803675,6.804708476812593,16.29980469,41.49858398437482,98.7890625,55.80662069832154,0.03428609989740409,0.01891430863000619,0.31395898723727783
Ho Chi Minh City,2016,7604915,5280143,2.4630771495278014,2.461677136392673,2.46447716266293,-0.190617739,-0.191228923,-0.190006555,0.012475571124185219,0.012414807741319894,0.012536334507050544,11.740884467716297,11.724458576158383,11.757333371843337,0.06662254130543532,5.35309010762479,13.37060547,25.28612723214298,99.375,49.506392629603376,0.014845620658379896,0.008069099643702832,0.25570640536999
Ho Chi Minh City,2023,9320866,5995475,2.3497525554312246,2.3482764578599333,2.351228653002516,-0.183939061,-0.184641351,-0.183236771,0.01200152588248098,0.011924965279722635,0.012078086485239324,10.482975448431702,10.467512968704305,10.498460769141483,0.04100335250913212,5.82486375670664,13.012803819444445,29.902513020833187,99.09960938,54.22694671104601,0.01767049316359421,0.00995834358411969,0.2761832659144122
Chennai,2016,9929919,3446918,2.1330012143209602,2.1313987790757007,2.1346036495662197,-0.105083882,-0.105937548,-0.104230216,0.009011261825125714,0.0089093519133713,0.009113171736880128,8.440159565726864,8.426645587092729,8.453695216996529,0.00011233033601987241,4.441051898077342,12.36083984,24.980874023437536,92.9375,40.42323430807636,0.01414742097143013,0.007304206250337258,0.2225788446817821
Chennai,2023,11776147,3684603,1.9972889451354732,1.9954797821791728,1.9990981080917736,-0.112345962,-0.113383085,-0.11130884,0.010131668391943394,0.00999766497953218,0.01026567180435461,7.369051092037771,7.355731330221847,7.382394973284772,-0.011368333,4.847394881837103,12.22265625,28.410776909722195,97.40136719,42.79217182968209,0.01774655234227405,0.00905579244222512,0.26003737874614835
Hyderabad,2016,8951161,4357118,2.079000379803874,2.0773614085185184,2.0806393510892294,-0.048038227,-0.048932318,-0.047144135,0.0032038884816055174,0.0030948601563387094,0.0033129168068723254,7.996471483373038,7.983376230530719,8.009588216556764,-0.026793889,4.939001120912967,15.18085938,24.50729654947918,98.8359375,40.1894840104741,0.01652032375528962,0.006799219116856601,0.25581184645964333
Hyderabad,2023,10801163,5097792,2.168266711496258,2.166335208813076,2.17019821417944,-0.061602688,-0.062719802,-0.060485574,0.0026862365856791747,0.0025402991949045385,0.002832173976453811,8.743116556,8.726245501711798,8.760020228888143,-0.038222522,6.356245232346623,17.77853759765626,32.1217521158854,98.28710938,50.2811379205114,0.032494460346754045,0.011410626404529648,0.30689176785107825
Kuala Lumpur,2016,7081137,4348867,2.423115920535702,2.420543635992785,2.425688205078619,-0.114874942,-0.115956435,-0.113793448,0.007353103668464196,0.007250851692410656,0.007455355644517736,11.280955168412719,11.251974630877543,11.310010348095906,-0.013957739,11.49169264673018,23.92773438,76.34610156249983,99.48632813,88.54550848081522,0.0615077444309058,0.03967010258074114,0.3795592397001819
Kuala Lumpur,2023,8621724,4638961,2.493726876953458,2.4909693726997277,2.496484381207188,-0.166482153,-0.167753152,-0.165211155,0.011682728279192957,0.011550984165779255,0.011814472392606658,12.106310879824449,12.072973660961972,12.139740153071596,-0.01538983,13.640565895641346,29.69189453,87.69216796875025,99.8984375,94.00219151654127,0.07432397038905911,0.04952876301395938,0.4341348126616341
Bandung,2016,2502129,4161878,2.0053721213685693,2.0042798890307596,2.006464353706379,-0.059491704,-0.05979649,-0.059186918,0.002497278485580825,0.0024788458613169547,0.0025157111098446953,7.428857819207218,7.42074821005898,7.4369762907718435,0.03360050175365337,2.800650694093999,10.600911458333334,15.493272569444445,97.2265625,23.238044977770045,0.004182727124629794,0.0014796204982462245,0.1858237724954638
Bandung,2023,2674000,4512840,2.1013562220422695,2.1002513332141266,2.1024611108704123,-0.078220224,-0.078534385,-0.077906064,0.003197636998335967,0.0031781285734175007,0.0032171454232544335,8.177252565774547,8.16822260024237,8.186292513928585,0.05859106186808716,3.0275885419340107,10.84179688,16.69030273437511,96.93847656,25.707442264408467,0.005701287880802333,0.0020027299882114146,0.19747771737479908
Pune,2016,5917128,2653218,2.1782566206613017,2.1755526392185787,2.1809606021040246,0.02061318754170084,0.01942235501234165,0.021804020071060026,-0.007797067,-0.007913673,-0.007680461,8.830897226962243,8.807050899281105,8.854808121925934,-0.020358118,7.88541911491636,25.008491443452364,41.66796875,97.32421875,52.91510826108316,0.07728501766534072,0.03406617925854566,0.3502812251818856
Pune,2023,7166374,3130447,2.0232078271695015,2.020384454964777,2.026031199374226,0.057122025158693066,0.0557942858943237,0.058449764423062434,-0.011778732,-0.011919322,-0.011638141,7.562545403968645,7.541223637283566,7.583927454999666,-0.035209797,8.80299853168146,27.439982096354054,45.57643554687502,97.47851563,59.426014819894164,0.08606821965042052,0.04069610506103442,0.38189644978379683
Ahmedabad,2016,7294945,2684685,1.937456685201592,1.935410479239663,1.939502891163521,-0.009019825,-0.01012875,-0.007910901,-0.004108773,-0.004234215,-0.00398333,6.941075163414179,6.926886815124535,6.955292573709968,-0.021282923,4.906531979856975,15.55273438,28.43266927083338,98.30164930555556,37.3903098254885,0.025157513823781934,0.008338408416629884,0.28338990696526656
Ahmedabad,2023,8650605,3065199,1.8268606201334783,1.8246656342779508,1.8290556059890057,0.0695270900543415,0.06827163361169979,0.07078254649698322,-0.013583953,-0.013736894,-0.013431011,6.214346807813974,6.200721363768531,6.228002192363843,-0.027890802,5.880161830387929,18.21484375,33.854498697916675,96.68164063,42.35652591581289,0.041135665253707834,0.015020231965363423,0.31622526145484886
Surat,2016,5954102,1760361,2.318631733170563,2.3164115460076338,2.320851920333492,-0.09377323,-0.094919323,-0.092627137,0.0022506578411459165,0.0021302224726344695,0.0023710932096573634,10.161760789325589,10.13922480477726,10.184346863561181,0.020093953673575138,5.78842647554239,17.920572916666668,35.89234374999996,96.52929688,42.076366853335806,0.03973559968665518,0.018859767968047465,0.30275890082745194
Surat,2023,8064949,2018816,2.3329532522106216,2.3306085652789967,2.3352979391422464,-0.088006423,-0.089369826,-0.086643019,0.0005929417848846668,0.0004284798224430176,0.0007574037473263161,10.308339751305516,10.284198235012708,10.33253793830766,0.005087250312448832,6.474062918251651,20.671875,36.85859375,95.44433594,44.52793306821193,0.05314996512807507,0.02302933996956632,0.32401094444497397
Surabaya,2016,2868336,3687096,1.8927516712199242,1.8913292007615974,1.894174141678251,-0.013626389,-0.014045328,-0.013207449,-0.000356431,-0.000383744,-0.000329119,6.637608090256871,6.628173000993335,6.647056610206268,-0.004679711,4.0058754471690925,12.33837891,19.425575086805516,98.85351563,32.42000134965121,0.009238435885585837,0.0036787759255522503,0.232524679844413
Surabaya,2023,3044413,4024617,1.856043736253146,1.8546442498073799,1.857443222698912,-0.013066374,-0.013484626,-0.012648122,-0.000559952,-0.000587796,-0.000532107,6.398372980527087,6.389424807150024,6.407333685518372,-0.002532124,4.076595993830274,11.770833333333334,19.557401041666648,98.84179688,33.956696731546934,0.00948015674534993,0.004166856125688481,0.23473089009271625
Jaipur,2016,3520318,2743127,2.020769070585694,2.0192366389901157,2.0223015021812727,-0.035038611,-0.03558855,-0.034488673,-0.000374248,-0.000419288,-0.000329208,7.544124667550312,7.53257266613543,7.555694385188137,0.02926588572966926,2.9920439642836,10.786783854166666,19.375206473214217,81.33091517857143,26.59718661650222,0.009408605580419718,0.002235040521273714,0.20269716714687544
Jaipur,2023,4207084,3270490,1.9184017333536185,1.9166372119988448,1.9201662547083922,-0.026552275,-0.027223516,-0.025881034,-0.002205938,-0.002264898,-0.002146977,6.810065466153534,6.798059555668885,6.822092580025029,0.01201274155988341,3.485690629417943,10.84472656,21.75007161458325,82.95664063,29.8656837253698,0.011750838559359607,0.0037627389167984,0.24227122773577495
Phnom Penh,2016,1834728,1934730,2.19992156367732,2.1981338664722307,2.2017092608824096,-0.069111697,-0.069582381,-0.068641013,0.002210883763161102,0.0021845634878233915,0.0022372040384988122,9.024305638324464,9.008187323982366,9.040452793103364,0.07732254463132782,3.8014567748460193,12.06933594,18.877604166666668,98.1484375,32.32412992221713,0.008622391754921875,0.003719898900621792,0.22978405833902185
Phnom Penh,2023,2281198,2817230,2.128508068913449,2.126721809214018,2.1302943286128797,-0.063484818,-0.06397248,-0.062997156,0.00233637342840633,0.0023071778226117436,0.0023655690342009165,8.402321770550154,8.387326438555544,8.417343912039216,0.029212379651120446,4.612669549220801,12.16948784722222,22.121030815972215,98.98372395833331,40.32227176955078,0.01218501861757826,0.005926033728165609,0.24607059543036094
Denpasar,2016,903530,2722055,1.6446567803753005,1.6434570219454772,1.6458565388051238,-0.00497347,-0.00518443,-0.00476251,0.00010161477337944175,9.37292590353328e-05,0.0001095002877235507,5.179231987798503,5.173021886616665,5.185449544072846,-0.014063146,2.0674672804490766,8.46484375,13.68994141,68.76855469,18.124182376680963,0.0023162647338132404,0.0002953650826305861,0.1684558032969201
Denpasar,2023,1053041,3046745,1.6322768456137302,1.6312220206463137,1.6333316705811467,-0.0053721,-0.005569779,-0.005174421,1.2246411016791161e-05,4.307144039751682e-06,2.018567799383064e-05,5.115508692658228,5.11011557126778,5.120907505849169,-0.005241807,1.8035751734429937,7.74609375,12.377135416666686,89.046875,16.35101738358521,0.001414952679006612,0.000206121615035062,0.1520124828238801
Davao,2016,1667352,1005712,1.848409139267728,1.8465628248861328,1.8502554536493232,-0.053249039,-0.053744907,-0.05275317,0.0024404011347780503,0.0024124768366817857,0.002468325432874315,6.349709979029067,6.337997234207709,6.361444369235582,0.017432052078378835,2.86604528295904,9.784711914062495,15.777756890190977,98.02929688,23.847789058271058,0.004869187202698188,0.0014904863420144136,0.19755511128211395
Davao,2023,1949400,1304968,1.8423049420864022,1.8405880968937984,1.844021787279006,-0.043982394,-0.04445525,-0.043509538,0.002148986205852806,0.0021210519973379567,0.0021769204143676554,6.311068155913439,6.300242324687059,6.32191258938013,0.004964155892217881,3.196310239809378,9.873864397321423,15.972330729166666,94.91015625,27.149913716192394,0.005762593412252255,0.0024598304326236354,0.19390469867826587
Semarang,2016,1736895,2503763,1.816987777075716,1.815786478877218,1.8181890752742138,-0.0166336,-0.016944187,-0.016323013,0.00027628771134170457,0.0002594748094208695,0.0002931006132625396,6.1532954084208535,6.145907903918237,6.160691792851974,0.014774587391908511,2.267790530035584,9.897650669642852,13.93359375,77.22070313,18.989077938060685,0.0024247502658997677,0.0007277046589473524,0.16689379554470574
Semarang,2023,1975306,2801679,1.8261926807728206,1.8249802623304072,1.827405099215234,-0.025700696,-0.026029245,-0.025372146,0.0005034468254205312,0.00048460518576467316,0.0005222884650763893,6.210197386915298,6.202672591594447,6.217731310969575,0.023380534439378375,2.3586445483833187,9.70703125,13.90781684027782,81.16666666666667,19.60497614504822,0.002616288304263265,0.0009437198194368449,0.17613991629829615
Palembang,2016,1611268,1670961,1.7336317333818536,1.73211608079754,1.7351473859661672,-0.027767356,-0.028199925,-0.027334786,0.00118222263104428,0.0011566820622620733,0.0012077631998264865,5.661176503262543,5.6526026256163515,5.669763385781492,-0.00297932,2.4841515458333117,9.423828125,15.14670138888889,92.8671875,21.06102449238379,0.0036715399102672055,0.0009228222561747402,0.18139554396804045
Palembang,2023,1818421,1941851,1.6405869813450016,1.6392111770141262,1.641962785675877,-0.036902708,-0.037305912,-0.036499504,0.001559565921170189,0.0015346654860120123,0.0015844663563283656,5.1581963888418265,5.15110459948644,5.165297941826603,0.0028462305486980366,2.140848444576683,7.701171875,12.967447916666666,78.15820313,18.902804339041786,0.002690731678177162,0.0007714289098391175,0.17049369298223552
Makassar,2016,1478420,1591431,1.913927340031927,1.9123716902194579,1.9154829898443961,-0.040661349,-0.041021177,-0.040301522,0.0012859880148290478,0.0012679267929754934,0.0013040492366826022,6.779662622574186,6.769124040983334,6.7902176112660575,0.035623493641326,2.6916669260469557,10.0859375,15.714726562499981,90.4296875,23.344930681978976,0.005023152119067682,0.0014527805478214261,0.18642509304195734
Makassar,2023,1673094,1857910,1.9824323036109954,1.980907020637194,1.983957586584797,-0.0608615,-0.061226568,-0.060496433,0.0021459595931621533,0.002126724909104349,0.0021651942772199576,7.260380976857101,7.249315282672605,7.271463562235179,0.050125020219008665,2.8866140549437027,9.835375976562469,16.47218594990076,97.72070313,25.484403445530145,0.0059857581906550906,0.0020361589097426676,0.1932936055680167
Batam,2016,1262984,1192020,2.0511280012923647,2.048196762791196,2.0540592397935336,-0.099538678,-0.100107212,-0.098970144,0.0061781608291078755,0.006154952713546577,0.006201368944669174,7.776668252540188,7.753906359713646,7.799496963785861,0.20557722508960763,11.57329716693869,33.43799641927084,80.5390625,99.49804688,90.05919713915169,0.08615040016107112,0.056880757034277946,0.44715361170369716
Batam,2023,1748142,1341989,1.985740418842461,1.982773521345671,1.988707316339251,-0.128919952,-0.129593747,-0.128246157,0.009425514465632955,0.009393009676628835,0.009458019254637075,7.284438925045208,7.2628587703164,7.306083200954511,0.2029078002781276,12.049337762466067,33.81152344,82.76207031249965,99.84765625,91.09141982174229,0.0845468927092547,0.05679182169153398,0.4781869230031655
Bandar Lampung,2016,1003552,1636852,1.875215857643524,1.8738690716019908,1.8765626436850573,-0.029288595,-0.029536308,-0.029040883,0.0007202363198103091,0.0007104617382000382,0.0007300109014205799,6.522226840907431,6.513448709297783,6.531016802746808,0.0549541086829225,1.8286283853903864,8.599609375,12.846466238839282,90.96875,16.648624505562957,0.0013483198236615161,0.0003512840501157099,0.14226656664584508
Bandar Lampung,2023,1162242,1919586,1.879061359265543,1.8775976916938537,1.8805250268372322,-0.044788516,-0.045072048,-0.044504984,0.001240973701750185,0.0012290171969900584,0.0012529302065103114,6.547356361641995,6.537780218309995,6.556946531527055,0.05385924933550901,2.3432935040979985,8.3984375,14.112325613839273,96.59114583333331,20.916373777900688,0.0033475968255655126,0.0010564778030262775,0.16736387358428834
Kathmandu,2016,1227249,1731642,2.166487815798514,2.164661957379965,2.1683136742170634,-0.073175263,-0.073642113,-0.072708414,0.0020504241108556826,0.0020262199107465135,0.0020746283109648518,8.727577289349473,8.711656507851641,8.743527166494413,0.09436966569354321,2.834857025720152,11.21484375,15.201011718750033,69.51367188,20.953569634369863,0.0034574120978816637,0.0010602653435294361,0.2303746387212758
Kathmandu,2023,1571010,2275523,2.02258579432133,2.0208813386652165,2.0242902499774433,-0.092596878,-0.093062403,-0.092131354,0.0035897658187685573,0.003563222183831576,0.0036163094537055387,7.557842715076702,7.5449716794837265,7.570735707485988,0.07591404470523522,2.384231005867582,9.576171875,13.150644531249934,68.84179688,17.671717539456715,0.0020267868090105,0.0004829658939944795,0.22740351934066505
Sao Paulo,2016,21136155,8884227,2.5916791898079787,2.5900143201556904,2.593344059460267,-0.361402582,-0.362669628,-0.360135537,0.05129969721361805,0.05107592192369247,0.05152347250354363,13.352173623172483,13.329962488967203,13.374421766820442,0.012888164990272455,8.899393578779614,20.7434244791665,58.08203125,98.44921875,69.74426684948259,0.05204594614703114,0.03462450925668603,0.3207194058206903
Sao Paulo,2023,22619736,9067164,2.6251442315166766,2.6234158968359793,2.626872566197374,-0.386121027,-0.38747264,-0.384769415,0.05654367286923501,0.05629814430365654,0.056789201434813474,13.806565384332348,13.782723627759548,13.830448383069747,0.009725444676146666,10.195943667571326,23.541777343749953,66.04492188,98.52441406,76.20958064675969,0.05737935257374853,0.04113932426941875,0.3392017669393001
Mexico City,2016,21419976,8380218,2.082041431880983,2.0807470782977737,2.083335785464192,-0.127082336,-0.1280348,-0.126129872,0.0055846258277851245,0.005421388471587703,0.005747863183982546,8.020826182772343,8.010451113614835,8.031214689632485,0.012930092007025218,4.892861869533188,11.97695313,23.2421875,99.48828125,42.84936671891179,0.013390343783419476,0.006362722306269359,0.24843805992407225
Mexico City,2023,22281442,8597739,2.0136145154831215,2.012263058214159,2.014965972752084,-0.107888744,-0.108897366,-0.106880123,0.00277117811777295,0.00259583872080074,0.0029465175147451598,7.490342435303072,7.480226394809786,7.500472156435133,0.005023853903348918,5.209107492311264,12.31152344,25.0625,99.921875,45.43519595492632,0.015479883722918315,0.007287962567833241,0.2640394499096548
Rio de Janeiro,2016,13057419,3537181,2.704398059911287,2.701945214525869,2.706850905296705,-0.27290735,-0.274305316,-0.271509384,0.018290512929669395,0.01810459763405054,0.01847642822528825,14.945317796479967,14.908704164834985,14.982021345934534,0.08374070539864897,7.462678027337057,21.04980469,46.08789063,98.54101563,60.56026141940188,0.05412558757948773,0.027524460863043197,0.33498398827704035
Rio de Janeiro,2023,13727720,3604537,2.6836426124060813,2.6812066136734534,2.686078611138709,-0.280794659,-0.282212349,-0.279376968,0.020703598006120656,0.02051090414173811,0.0208962918705032,14.638318017327984,14.60270249049123,14.6740204093017,0.06979518753306813,7.88090931541116,20.78613281,49.478932291666744,98.98046875,64.93979824844311,0.05287669401090903,0.028664707839037303,0.33427486295193704
Lima,2016,10002049,4059883,2.3233392722566952,2.3217879972825255,2.324890547230865,-0.098297585,-0.09919521,-0.09739996,0.0035665473560271685,0.0034504970843946066,0.0036825976276597303,10.209710449323872,10.193884659260023,10.225560808591663,0.0403280044692409,4.714840401381943,14.56943359374999,28.520048828125027,97.10351563,41.930355405290584,0.02201048650909398,0.008886462984278119,0.22851307122166453
Lima,2023,11204382,3756851,2.267847860371916,2.2659793408220508,2.2697163799217814,-0.099970254,-0.101097893,-0.098842615,0.003019429618841548,0.002868301349789814,0.003170557887893282,9.658591791997052,9.640561374748994,9.67665593092723,0.0252260687910979,5.351063799210143,15.66748047,32.37532552083333,93.4765625,45.826194716342464,0.02728428676037458,0.011726043966076908,0.26475908546729515
Bogota,2016,9988963,2944665,2.194096833737322,2.191885280123018,2.1963083873516256,-0.018339158,-0.019573331,-0.017104984,-0.004182534,-0.004338617,-0.00402645,8.97189428425884,8.952074383492134,8.991758066303735,-0.019861074,6.424084970421383,18.69824219,36.6953125,98.96289063,50.63870839782087,0.042420105512851206,0.016801571655858986,0.2894812739787871
Bogota,2023,11507960,3087787,2.1961585838871787,2.1936902808226137,2.1986268869517436,-0.077105664,-0.078552108,-0.07565922,0.0042252715029745406,0.0040330753495565344,0.004417467656392547,8.990411170681268,8.968247475847646,9.012629639802732,-0.028909761,8.21042050241659,20.844373139880926,48.49609375,99.47412109,64.19081261586939,0.0542501798213413,0.02574886156331379,0.34466209487766486
Guadalajara,2016,4870569,4245167,1.878323833004684,1.8770476934436657,1.8795999725657024,-0.070025181,-0.070549291,-0.069501071,0.0031742962384051143,0.0031271834058546697,0.003221409070955559,6.542529294649223,6.534185439281516,6.550883804737866,0.013526317085982398,3.0059227676516143,9.46484375,14.51714409722222,99.13671875,24.314556862957538,0.004028816769752521,0.0018687132920801467,0.20307680819593277
Guadalajara,2023,5419880,4558785,1.708320229267915,1.7069609669604082,1.7096794915754217,-0.043368262,-0.043947562,-0.042788962,0.0017517181268444201,0.0016974339549947243,0.001806002298694116,5.519681885930296,5.51218428714941,5.527189682844001,-0.006850704,3.389864866982532,9.599609375,15.517827845982149,99.22005208333331,27.441484564743323,0.0053731421859113775,0.0025397117872415567,0.22529570405522165
Belo Horizonte,2016,5826257,3995847,2.3296419597824922,2.3280223712841215,2.331261548280863,-0.138276715,-0.138990692,-0.137562739,0.008179388713447642,0.008108183035971479,0.008250594390923805,10.274262275321847,10.257635666078432,10.29091583464849,0.053667936124858984,5.760485329782215,15.0078125,34.53515625,98.02929688,51.69479139155209,0.025971715133237084,0.012769507941620387,0.27618128850228435
Belo Horizonte,2023,6247889,4231898,2.348783079231865,2.347180439068698,2.350385719395032,-0.141140633,-0.141864141,-0.140417126,0.008399056493236377,0.008324963097062068,0.008473149889410687,10.472817378035336,10.456046662584425,10.48961499245732,0.05146837889261613,6.097937549894242,15.09179688,36.9277929687496,96.98925781,55.27890471883794,0.02737920431919673,0.01406484749868735,0.27828258488335494
Brasilia,2016,4266576,1913906,2.4262728796332333,2.4231830657788125,2.429362693487654,-0.186739042,-0.18780307,-0.185675013,0.011174302328362376,0.011090115944631065,0.011258488712093687,11.31662495686715,11.28171265632059,11.351645296748393,0.04075299384512421,6.810057490390542,16.771798270089285,38.9296875,97.83984375,57.82328238503868,0.03981125509821277,0.01705569657025998,0.3279775688561936
Brasilia,2023,4873048,2130060,2.4262027979952836,2.423277425853698,2.429128170136869,-0.187240785,-0.188287342,-0.186194228,0.011175364669954937,0.011088700287048999,0.011262029052860875,11.315831897043902,11.28277724979845,11.34898338300914,0.04439793117212565,6.6704735417012575,16.498388671874938,38.044345703125146,98.671875,56.66880495447714,0.038711585589138335,0.016617841750936592,0.324628100918759
Guatemala City,2016,2775437,2540295,1.864854539369559,1.8631260972041006,1.8665829815350174,-0.054349793,-0.054912362,-0.053787223,0.0015769166360164496,0.0015368897668453494,0.0016169435051875498,6.454996869783762,6.443849417654537,6.466163606300458,0.024484283642612237,3.3509573562896002,9.587239583333334,16.10546875,91.78320313,28.44364956921704,0.006218962758262328,0.0029043870889010922,0.22875610861681886
Guatemala City,2023,3095099,2866387,1.9002123732320222,1.8985534820011642,1.9018712644628801,-0.051344411,-0.051903629,-0.050785192,0.001652781468183377,0.0016113032799936092,0.0016942596563731447,6.687314498076518,6.676230167089339,6.698417232023204,0.0155004692145706,3.6372309800045213,10.238002232142858,17.89257813,92.52050781,31.53029176675795,0.007849254130722754,0.0037971146254849744,0.22640494344298798
Salvador,2016,3646672,1552945,2.4575291194935382,2.454896421958086,2.4601618170289905,-0.120471419,-0.121466172,-0.119476667,0.004659452427076203,0.0045797135928821045,0.004739191261270302,11.675926050307678,11.645227296568898,11.706705731061202,0.04562446368862705,7.931053719695158,18.31572916666667,52.26757813,97.5625,65.8180030406798,0.04389724040452173,0.02697391085968917,0.3288357782782784
Salvador,2023,3958384,1655546,2.3934296420334555,2.3908416228886513,2.3960176611782598,-0.115226498,-0.11622915,-0.114223847,0.00454727930713278,0.004464418675915342,0.004630139938350217,10.95098757872396,10.922682855596761,10.979365649888624,0.03099763149847623,8.419531284122007,17.890223524305554,56.26074219,98.84375,70.33830240446302,0.04292239539100696,0.027025525113769114,0.3328380772404307
La Paz,2016,1767866,1625706,2.4453351690992546,2.443327263622652,2.447343074575857,-0.16964857,-0.170193665,-0.169103475,0.006763213089864846,0.006730278638720332,0.00679614754100936,11.534414930495483,11.51127815159302,11.557598212534344,0.1903017756389629,3.8462308956922664,13.26367188,21.31884766,97.01367188,32.08560534915076,0.012251292669154201,0.0038869266644768487,0.29344260400802485
La Paz,2023,1935619,1965985,2.5658971819757896,2.563897430310447,2.567896933641132,-0.1735787,-0.174131051,-0.173026349,0.006646039623041542,0.0066116622712518,0.006680416974831285,13.012327559944152,12.986332137094228,13.038375019196812,0.20423844381962752,4.217486695767547,14.8203125,23.84578124999996,97.52929688,34.74912788028302,0.017688334346396335,0.004991391083858728,0.30552760113733907
Guayaquil,2016,2790791,1788128,2.1469948195959576,2.1449006630052994,2.149088976186616,-0.133755901,-0.134514682,-0.13299712,0.007728706436271031,0.0076684266996127695,0.007788986172929292,8.559098075545123,8.541192738733317,8.577040948225296,0.06453108937334984,3.443096905011798,11.19921875,18.914808593749996,92.75,29.57637253829821,0.008614595823117807,0.00312002272767945,0.2293582648860856
Guayaquil,2023,3142466,2011303,2.010804020157298,2.0090345592581325,2.0125734810564633,-0.086790235,-0.087446531,-0.086133938,0.004224397968051367,0.0041711628084209395,0.004277633127681794,7.469320417878228,7.456115433752388,7.4825487883917,0.043133624801600545,3.060806938605737,9.800285993303564,16.534717881944438,91.91796875,27.244037419018763,0.006321772502700986,0.002650520582925596,0.195879986250202
Santo Domingo,2016,3018681,2037540,1.8450145862480192,1.8426401194915707,1.8473890530044677,-0.062665982,-0.063497908,-0.061834056,0.0018943326585460474,0.00182932307792881,0.001959342239163285,6.328192094308285,6.313183837906373,6.34323602965857,0.004732639106060255,3.9681623293351205,11.082360026041655,21.46732638888878,95.99804688,32.609117606125686,0.011667010218204306,0.004162863060357097,0.277777209271874
Santo Domingo,2023,3523890,2311861,1.8048861655956043,1.802572516357346,1.8071998148338626,-0.06561737,-0.066467361,-0.064767379,0.002396701321675491,0.0023266108717495708,0.0024667917716014115,6.0792793779832195,6.065230316448469,6.093360981749627,-0.001642225,4.020615767985689,10.87695313,21.80113281249999,96.078125,33.20419082267543,0.012087664440033376,0.004534009613899798,0.2803894732388026
Medellin,2016,3800264,1890194,2.3793418426377912,2.377394289570997,2.3812893957045853,-0.083492165,-0.084228683,-0.082755646,0.002364538630766614,0.0023074867801489676,0.0024215904813842605,10.797793877235994,10.776785065184415,10.818843644932617,0.03670063890291553,6.858630475261601,16.34375,43.91601563,97.98502604166669,60.436087721686974,0.035437103281462115,0.020166713046385714,0.2838298438336583
Medellin,2023,4102308,2088081,2.2694336142839706,2.267354784767418,2.2715124438005234,-0.062826331,-0.063626773,-0.06202589,0.0011502467541835736,0.0010864643445741371,0.0012140291637930101,9.6739200919599,9.65383054993323,9.694051440158406,0.012139491821105297,7.82145393057816,17.128255208333332,51.60058594,97.01171875,66.5676796900893,0.04014020528897107,0.024211225522381554,0.31021181933603936
Cali,2016,2623339,1344659,1.9964500050177907,1.9944234684286897,1.9984765416068917,-0.036326589,-0.037044021,-0.035609158,-0.000195331,-0.000245059,-0.000145603,7.362871491967058,7.347965472386177,7.377807749771103,0.029470662785497814,4.268263579140219,13.11394531249998,24.430234374999902,90.48828125,36.70385758844697,0.015894736137563502,0.006274453225687702,0.24804774207009656
Cali,2023,2863730,1514631,1.960700213920905,1.9587418642817083,1.962658563560102,-0.034898528,-0.035596252,-0.034200803,-0.000270228,-0.000319636,-0.000220821,7.104299853601382,7.090400764626346,7.118226188522132,0.020604147108669313,4.468664639557041,12.442057291666666,25.93945313,96.49804688,38.9474832661638,0.017258328926319347,0.007161480254926777,0.25008011549486003
Quito,2016,1763259,2422568,2.1219421583926668,2.119904592880178,2.1239797239051557,-0.065835043,-0.066321599,-0.065348488,0.0016804454907429274,0.001653592625848899,0.001707298355636956,8.347333598895572,8.33034267577111,8.364359177433364,0.056344643549838924,3.733334820668904,11.7109375,21.372521484375103,91.65576172,31.70358378300799,0.011782125414023466,0.004307412629903474,0.2570697703801807
Quito,2023,1956995,2690586,2.106598709841076,2.104660319559912,2.1085371001222404,-0.066789493,-0.067268126,-0.06631086,0.0015907070961678916,0.0015633375761515316,0.0016180766161842516,8.220234279692518,8.204315690659323,8.236183755089227,0.05616569818757189,3.8703926882608246,11.58056641,21.74071289062495,94.98730469,33.2985358857864,0.012119292971865609,0.004737629646478499,0.25916809598584284
Tegucigalpa,2016,1274860,919946,1.7846544140697564,1.7824846172255782,1.7868242109139347,-0.040267985,-0.040851086,-0.039684884,0.001011283038090285,0.00098290811665764,0.0010396579595229301,5.957520756436779,5.944608160621223,5.970461400380352,0.02944386422409062,2.8692600723668633,9.73828125,15.58007813,92.9203125,23.197948234100025,0.004823109182495494,0.0013968211177612599,0.22845725873485465
Tegucigalpa,2023,1568025,1096652,1.729375531496764,1.7275214757406812,1.731229587252847,-0.0357744,-0.036306724,-0.035242077,0.0010761655888261302,0.001047732463815708,0.0011045987138365524,5.637132597313224,5.626690722074001,5.647593850329528,0.01717147331803781,2.747790714860492,8.71484375,14.120978515624984,95.15364583333331,23.084408792996616,0.004152639123441165,0.0016477424014181344,0.20295307118870304
Leon,2016,1735927,1724944,1.8193611563369,1.8177435027338782,1.820978809939922,-0.070245324,-0.070715205,-0.069775443,0.0025826050435448053,0.002556480115943706,0.0026087299711459047,6.167916856388363,6.157947369224917,6.177902483779768,0.041886671870998704,2.2404255802055704,8.627604166666666,12.78710938,88.73111979166667,17.648220576511097,0.0016771558960754667,0.0006910369264161619,0.20862070001933125
Leon,2023,1898749,1976297,1.6718683240259318,1.6702065459594526,1.673530102092411,-0.033462318,-0.033951917,-0.032972719,0.0007706098605344797,0.0007422449660275646,0.0007989747550413949,5.322101925101657,5.313265117295226,5.330953429929688,0.0025733949503045084,2.544222875458426,9.146484375,13.866542968750007,92.53971354166669,19.552760282434022,0.002455096577083303,0.0009320461448861178,0.22270827790231595
Puebla,2016,3001427,2867702,1.921710582165549,1.9201982643802897,1.923222899950808,-0.07794737,-0.07847532,-0.077419421,0.002480869961418896,0.0024401882164736405,0.0025215517063641515,6.832636264266653,6.822310956465231,6.842977199028188,0.04895548621754253,2.8214917883127337,9.614257813,14.412975260416614,98.37109375,22.0755129061688,0.003315546733935395,0.001213515211831634,0.22243224646802345
Puebla,2023,3344761,3145680,1.8346876786988864,1.8331253549291022,1.8362500024686705,-0.079121376,-0.079684851,-0.078557901,0.002974893183491794,0.0029296755188633382,0.0030201108481202497,6.263177716120938,6.253400244477621,6.272970475279527,0.02491225301104505,3.025623073192746,9.723632813,15.31152344,97.44824219,23.2927783769044,0.003750540423692175,0.0013742656595712216,0.23641380388732586
San Jose,2016,1748592,2786067,1.716900294423335,1.7154742142997006,1.7183263745469692,-0.029439739,-0.029810208,-0.029069269,0.0011161689460633855,0.0010957556008403136,0.0011365822912864573,5.5672448711159905,5.559311192237328,5.575189872127624,-0.002358741,2.567251806856789,8.610351563,14.12011719,87.72200520833333,22.12923349454743,0.00444282208575745,0.0013545977178581851,0.1956450604882856
San Jose,2023,1820701,3046057,1.7107618990531586,1.7094206883992036,1.7121031097071135,-0.028386523,-0.028736284,-0.028036763,0.0013935860891600704,0.0013741014214023548,0.001413070756917786,5.533175593300274,5.525759413685605,5.540601726247319,-0.007905431,2.6000482648656624,8.602083333333288,14.483722656249984,93.39973958333331,22.556837025994206,0.004294075915191344,0.0014559806333236706,0.18633146653157248
Managua,2016,1033622.0000000001,1260329,1.4454840996442937,1.4440813259191025,1.4468868733694848,-0.00611378,-0.006409927,-0.005817633,0.0001292230604276952,0.00011732496405648523,0.00014112115679890515,4.243906119058391,4.237957052634967,4.249863536531831,-0.010665376,1.6606486854078055,6.929003906249989,10.76509114583333,73.83007813,14.4373844084602,0.0008910371815613225,0.0001444067382405705,0.15851434446194923
Managua,2023,1094510,1375286,1.4627839577487476,1.4614689231743139,1.4640989923231813,-0.014830835,-0.015108945,-0.014552726,0.00048328803208812703,0.0004718113941741486,0.0004947646700021054,4.317963839734587,4.3122892999199625,4.32364584667395,-0.008225147,1.5619890530193017,6.459960938,10.674918619791596,74.7578125,14.212386544133066,0.0007263943645176348,0.00012361065262061856,0.1513323527528345
Port-au-Prince,2016,2502942,1479292,1.7577233467257223,1.7557308502128066,1.759715843238638,-0.077126881,-0.077816958,-0.076436804,0.0020164101149982893,0.0019625380777091436,0.002070282152287435,5.799219541720058,5.787676120937365,5.810785985657568,0.08768500909034149,1.968169037675242,8.32421875,11.790536132812509,58.06054688,14.69670366599332,0.0006503110947669561,0.00016561976945728092,0.22496232056133408
Port-au-Prince,2023,2987455,1718792,1.7130732382747618,1.7112174587717246,1.714929017777799,-0.06478553,-0.065469651,-0.06410141,0.0013756754432809322,0.0013186620266424647,0.0014326888599193997,5.545979430374345,5.535696859466382,5.5562811011837585,0.0743342352112768,1.8870651455339496,8.162109375,11.411665039062541,52.90429688,14.217834073542681,0.0006446387928265899,0.0001489418149491038,0.21322379822587553
Merida,2016,328409,1852617,1.3600827547326144,1.3585724814673137,1.3615930279979152,-0.004810786,-0.005003533,-0.004618038,5.484225291546418e-05,4.989890385497149e-05,5.978560197595687e-05,3.8965157435717264,3.8906353816108386,3.9024049931957845,-0.01615188,1.9785857995359277,6.678385416666667,11.19238281,93.97265625,16.561677849912485,0.0016673710756189757,0.0005808000250456517,0.1871414776148994
Merida,2023,355046,2114587,1.3776280732462596,1.3761696196643454,1.3790865268281738,-0.006288961,-0.006475895,-0.006102028,9.643882432342407e-05,9.145428470170524e-05,0.0001014233639451429,3.9654846246165736,3.959705364777298,3.971272319387545,-0.016134729,2.1495473303853747,6.91796875,12.187725694444438,91.38476563,17.8896403564735,0.0020717993631853408,0.0007755651576407119,0.19183580797808444
Cancun,2016,829027,719118,1.5533381739099805,1.549918650953079,1.5567576968668821,-0.024830825,-0.025697664,-0.023963987,0.002002425741843855,0.0019542575772418273,0.0020505939064458826,4.727224169576665,4.711086924570839,4.743416690717394,-0.013039569,4.546545167069012,10.36284722222222,22.747063802083247,96.25273438,38.72088702998113,0.012639094001262658,0.005980937759866948,0.28329809906088316
Cancun,2023,1022604,851303,1.561753623415681,1.558377631247596,1.565129615583766,-0.036718727,-0.037626592,-0.035810862,0.0028908739462992256,0.002836855708869885,0.002944892183728566,4.76717374693527,4.751106941665972,4.78329488527573,-0.012296958,4.9787465688376065,11.288389756944424,25.720683593749982,92.33333333333331,42.100146231851205,0.016606308212234657,0.0073557828411270725,0.3045666969624393
Queretaro,2016,1237901,1735467,1.7228166256072306,1.7209491030231856,1.7246841481912756,-0.007813891,-0.008249813,-0.007377968,-0.000619274,-0.000640575,-0.000597974,5.600280163058233,5.589831273182484,5.610748584704138,0.003613054917841807,2.9786667836605445,10.10449219,14.811414930555555,97.35546875,22.630755409162955,0.0038416172707403827,0.00137254122377435,0.2321136225742665
Queretaro,2023,1413474,2119481,1.6030239916781661,1.6011611068552078,1.6048868765011244,0.002583748960546252,0.0021369089683310393,0.003030588952761465,-0.000874168,-0.000897119,-0.000851217,4.96803302263919,4.958786764352447,4.977296521693961,-0.014575633,3.238251390216192,10.36601563,15.093526785714339,97.06054688,24.352763774117925,0.0042467943803223525,0.0018565865888866189,0.2461735004675441
Acapulco,2016,931429,774843,1.9782128232571436,1.9750955043247755,1.9813301421895118,-0.065821248,-0.066526024,-0.065116471,0.002082538909944869,0.0020496831302677532,0.002115394689621985,7.229810483119087,7.207307950031529,7.252383273228942,0.005878345861742296,5.305109264554677,11.375,24.48895833333321,97.17578125,46.98135834731364,0.014038973056477248,0.007329226694956268,0.2829023863437488
Acapulco,2023,1018976,830556,1.9644491358197531,1.9614512920334202,1.967446979606086,-0.081131226,-0.081827027,-0.080435425,0.0028420672688681575,0.0028087226054821146,0.0028754119322542005,7.13098330473399,7.109637742060826,7.152392954082503,0.011407584147163807,4.993578379120046,10.93435329861111,24.228867187499965,96.81542969,44.12106563723582,0.014235042549810006,0.007236116529168412,0.2833351327274316
San Salvador,2016,1101602,1692485,1.8490798230575989,1.847501280251144,1.8506583658640539,-0.031030875,-0.031371305,-0.030690445,0.0005610357163771847,0.0005460926008112227,0.0005759788319431466,6.3539700550046465,6.343947953521076,6.364007989297514,0.040968047046090805,2.5427576264336653,9.8203125,14.342447916666666,95.98828125,19.989007158161225,0.0029093315450358496,0.0007503759265222439,0.20983315753506082
San Salvador,2023,1116052,1906563,1.7953539064567319,1.7939056062679595,1.7968022066455043,-0.015400321,-0.015707616,-0.015093025,0.00014797415267830803,0.0001345703360782419,0.00016137796927837415,6.021605429790849,6.012890649842216,6.030332840501286,0.012419541514249177,2.5530206967157656,9.767073567708318,14.220328000992044,98.45898438,20.3852777262406,0.002887394751707654,0.0009844940870036814,0.19406580069850285
Asuncion,2016,3050044,2579468,1.8510744600203273,1.849440399940903,1.8527085200997515,-0.054231382,-0.054747737,-0.053715027,0.0015792885262325455,0.0015426648394406752,0.0016159122130244158,6.3666565668229405,6.356261562831235,6.377068570761378,0.03669168858603589,2.858731430103264,9.3515625,15.296875,96.54166666666669,24.186293116224252,0.004881626754043857,0.001896902772199539,0.21437128339203657
Asuncion,2023,3510511,2958174,1.8353494159714532,1.8337165508731348,1.8369822810697716,-0.040915197,-0.041451799,-0.040378594,0.0005427421235109271,0.0005028874919142136,0.0005825967551076406,6.267323665873855,6.257098322375185,6.277565719618117,0.02266773124390986,3.3253012655434153,9.80963867187502,17.836676432291675,94.49023438,28.576364287522296,0.007441414872823573,0.0029298479399791897,0.22276509675156267
