distance_m,cv_model_m3,cv_empirical_m3
0, -   ,0
47.07106915," 12,360 ",26603.90622
94.14213831," 49,329 ",179028.125
141.2132075," 110,680 ",384497.6533
188.2842766," 196,189 ",705149.0242
235.3553458," 305,629 ",1042693.895
282.4264149," 438,777 ",1560867.06
329.4974841," 595,406 ",1863502.929
376.5685532," 775,292 ",2187410.613
423.6396224," 978,208 ",2551826.953
470.7106915," 1,203,932 ",2966062.5
517.7817607," 1,452,236 ",3272541.152
564.8528299," 1,722,896 ",3666086.523
611.923899," 2,015,688 ",3971125.977
658.9949682," 2,330,388 ",4545075.578
706.0660373," 2,666,769 ",5099416.992
753.1371065," 3,024,608 ",5541038.281
800.2081756," 3,403,682 ",5866862.305
847.2792448," 3,803,765 ",6232112.891
894.3503139," 4,224,634 ",6728033.984
941.4213831," 4,666,065 ",7198454.004
988.4924523," 5,127,835 ",7844516.994
1035.563521," 5,609,721 ",8303557.815
1082.634591," 6,111,499 ",8739002.151
1129.70566," 6,632,947 ",9078359.768
1176.776729," 7,173,843 ",9512546.487
1223.847798," 7,733,964 ",9648124.026
1270.918867," 8,313,088 ",9780004.299
1317.989936," 8,910,995 ",9879320.51
1365.061005," 9,527,462 ",9982967.776
1412.132075," 10,162,268 ",10083211.05
1459.203144," 10,815,194 ",10272261.53
1506.274213," 11,486,019 ",10462391.21
1553.345282," 12,174,523 ",10666993.75
1600.416351," 12,880,486 ",10876385.35
1647.48742," 13,603,690 ",11173344.73
1694.55849," 14,343,916 ",11580861.72
1741.629559," 15,100,946 ",11974400.39
1788.700628," 15,874,563 ",12429294.73
1835.771697," 16,664,548 ",12936601.17
1882.842766," 17,470,685 ",13426629.3
1929.913835," 18,292,758 ",14123543.75
1976.984905," 19,130,550 ",14922862.11
2024.055974," 19,983,848 ",15780721.68
2071.127043," 20,852,436 ",16714207.29
2118.198112," 21,736,099 ",17699632.08
2165.269181," 22,634,624 ",18865537.11
2212.34025," 23,547,798 ",20037018.62
2259.411319," 24,475,409 ",21337447.66
2306.482389," 25,417,245 ",22606439.07
2353.553458," 26,373,094 ",23790020.9
2400.624527," 27,342,746 ",25103355.47
2447.695596," 28,325,991 ",26291040.43
2494.766665," 29,322,619 ",27493607.23
2541.837734," 30,332,422 ",28776837.11
2588.908804," 31,355,192 ",29973963.21
2635.979873," 32,390,722 ",31182289.28
2683.050942," 33,438,805 ",32416242.78
2730.122011," 34,499,236 ",33699337.9
2777.19308," 35,571,808 ",34830144.74
2824.264149," 36,656,319 ",36070291.22
2871.335218," 37,752,564 ",37168344.73
2918.406288," 38,860,341 ",38373188.68
2965.477357," 39,979,448 ",39608952.94
3012.548426," 41,109,683 ",40854958.14
3059.619495," 42,250,847 ",42198108.21
3106.690564," 43,402,739 ",43612275.4
3153.761633," 44,565,162 ",44914456.32
3200.832703," 45,737,917 ",46191486.14
3247.903772," 46,920,808 ",47556450.19
3294.974841," 48,113,639 ",48860079.69
3342.04591," 49,316,214 ",50131648.54
3389.116979," 50,528,339 ",51327857.07
3436.188048," 51,749,822 ",52563056.84
3483.259117," 52,980,469 ",53805955.67
3530.330187," 54,220,091 ",55069783.21
3577.401256," 55,468,495 ",56422545.32
3624.472325," 56,725,493 ",57757020.99
3671.543394," 57,990,896 ",59032517
3718.614463," 59,264,518 ",60233160.75
3765.685532," 60,546,171 ",61455754.89
3812.756602," 61,835,670 ",62668801.66
3859.827671," 63,132,832 ",63887788.87
3906.89874," 64,437,472 ",65222234.77
3953.969809," 65,749,408 ",66626183.6
4001.040878," 67,068,460 ",68049585.35
4048.111947," 68,394,447 ",69488301.19
4095.183016," 69,727,191 ",70991846.8
4142.254086," 71,066,513 ",72600711.33
4189.325155," 72,412,236 ",74093584.1
4236.396224," 73,764,186 ",75492410.75
4283.467293," 75,122,188 ",77010321.1
4330.538362," 76,486,067 ",78585666.77
4377.609431," 77,855,653 ",80105765.16
4424.680501," 79,230,774 ",81575122.85
4471.75157," 80,611,261 ",82910083.47
4518.822639," 81,996,943 ",84394008.6
4565.893708," 83,387,655 ",85883120.12
4612.964777," 84,783,230 ",87610260.94
4660.035846," 86,183,503 ",89536041.8
4707.106915," 87,588,309 ",91266458.4
4754.177985," 88,997,487 ",93010334.77
4801.249054," 90,410,874 ",94719763.25
4848.320123," 91,828,312 ",96367484.57
4895.391192," 93,249,640 ",97901449.81
4942.462261," 94,674,702 ",99496502.74
4989.53333," 96,103,340 ",101157148.3
5036.6044," 97,535,400 ",102828103.3
5083.675469," 98,970,728 ",104429069.8
5130.746538," 100,409,171 ",106050708.2
5177.817607," 101,850,578 ",107690835.8
5224.888676," 103,294,800 ",109260829.3
5271.959745," 104,741,687 ",110781693.8
5319.030814," 106,191,092 ",112330305.9
5366.101884," 107,642,869 ",113927235.4
5413.172953," 109,096,873 ",115518842
5460.244022," 110,552,962 ",117210738.5
5507.315091," 112,010,992 ",118846024.2
5554.38616," 113,470,824 ",120506016.2
5601.457229," 114,932,317 ",122333590.2
5648.528299," 116,395,334 ",124198322.9
5695.599368," 117,859,737 ",126204615.4
5742.670437," 119,325,393 ",128103582.4
5789.741506," 120,792,166 ",130054640.2
5836.812575," 122,259,924 ",131948070.6
5883.883644," 123,728,536 ",133660844.7
5930.954714," 125,197,871 ",135556632.8
5978.025783," 126,667,802 ",137433628.2
6025.096852," 128,138,200 ",139349599.4
6072.167921," 129,608,941 ",141211561.3
6119.23899," 131,079,899 ",143081067.2
6166.310059," 132,550,952 ",144916277.5
6213.381128," 134,021,978 ",146705307.7
6260.452198," 135,492,857 ",148582026.8
6307.523267," 136,963,469 ",150427006.4
6354.594336," 138,433,697 ",152506629.1
6401.665405," 139,903,425 ",154592002.9
6448.736474," 141,372,538 ",156649835
6495.807543," 142,840,923 ",158715733.4
6542.878613," 144,308,467 ",160676445.3
6589.949682," 145,775,059 ",162681402.7
6637.020751," 147,240,592 ",164788836.9
6684.09182," 148,704,956 ",166954485.4
6731.162889," 150,168,045 ",169012958.8
6778.233958," 151,629,754 ",170912248.1
6825.305027," 153,089,979 ",173136626.3
6872.376097," 154,548,617 ",175632789.3
6919.447166," 156,005,568 ",178223466
6966.518235," 157,460,732 ",180675147.5
7013.589304," 158,914,011 ",182950561.5
7060.660373," 160,365,307 ",185279584.8
7107.731442," 161,814,525 ",187717949.8
7154.802512," 163,261,571 ",190066583.2
7201.873581," 164,706,352 ",192359133.2
7248.94465," 166,148,776 ",194647180.3
7296.015719," 167,588,753 ",196906683
7343.086788," 169,026,195 ",199142881.6
7390.157857," 170,461,014 ",201444454.4
7437.228926," 171,893,123 ",203757425.8
7484.299996," 173,322,438 ",206111716.2
7531.371065," 174,748,875 ",208548651.6
7578.442134," 176,172,353 ",211137764.5
7625.513203," 177,592,790 ",213881755.5
7672.584272," 179,010,107 ",216369298.8
7719.655341," 180,424,226 ",218808676.9
7766.726411," 181,835,069 ",221223947.5
7813.79748," 183,242,562 ",223692371.1
7860.868549," 184,646,630 ",226210833.4
7907.939618," 186,047,199 ",228683125.6
7955.010687," 187,444,198 ",231201831.1
8002.081756," 188,837,557 ",233785369.1
8049.152825," 190,227,207 ",236433934.2
8096.223895," 191,613,079 ",239043630.1
8143.294964," 192,995,107 ",241726162.7
8190.366033," 194,373,225 ",244270889.5
8237.437102," 195,747,370 ",246815813.7
8284.508171," 197,117,478 ",249348407.2
8331.57924," 198,483,488 ",251924734
8378.65031," 199,845,339 ",254516079.7
8425.721379," 201,202,972 ",257262908
8472.792448," 202,556,329 ",259846600.2
8519.863517," 203,905,353 ",262512353.1
8566.934586," 205,249,989 ",265339090.4
8614.005655," 206,590,182 ",268173147.8
8661.076724," 207,925,879 ",270983315.6
8708.147794," 209,257,027 ",273705778.1
8755.218863," 210,583,576 ",276570754.3
8802.289932," 211,905,477 ",279465375.6
8849.361001," 213,222,679 ",282311274
8896.43207," 214,535,137 ",285234398.5
8943.503139," 215,842,803 ",288241568.4
8990.574209," 217,145,633 ",291153468.7
9037.645278," 218,443,582 ",294008450.6
9084.716347," 219,736,607 ",296944230.7
9131.787416," 221,024,667 ",300032411.7
9178.858485," 222,307,720 ",302917363.5
9225.929554," 223,585,727 ",305589741.4
9273.000624," 224,858,649 ",308369476.2
9320.071693," 226,126,449 ",311200934.6
9367.142762," 227,389,090 ",314037863.7
9414.213831," 228,646,536 ",316969532
9461.2849," 229,898,753 ",320011249.7
9508.355969," 231,145,708 ",322948414.1
9555.427038," 232,387,367 ",325923678.9
9602.498108," 233,623,701 ",328617966
9649.569177," 234,854,678 ",331255025.8
9696.640246," 236,080,268 ",334115967
9743.711315," 237,300,444 ",337040502.5
9790.782384," 238,515,177 ",339898462.3
9837.853453," 239,724,442 ",342409683.8
9884.924523," 240,928,213 ",344859510.9
9931.995592," 242,126,464 ",347424414.3
9979.066661," 243,319,173 ",350025932.8
10026.13773," 244,506,317 ",352484088.5
10073.2088," 245,687,872 ",354838807.4
10120.27987," 246,863,820 ",357015188.8
10167.35094," 248,034,139 ",359245528.3
10214.42201," 249,198,810 ",361536153.5
10261.49308," 250,357,815 ",363825959.6
10308.56414," 251,511,136 ",365896079.3
10355.63521," 252,658,757 ",367908221.9
10402.70628," 253,800,662 ",369882009.5
10449.77735," 254,936,835 ",371777526.4
10496.84842," 256,067,263 ",373633989.1
10543.91949," 257,191,933 ",375555862.3
10590.99056," 258,310,831 ",377437157.8
10638.06163," 259,423,947 ",379382611.9
10685.1327," 260,531,268 ",381390443
10732.20377," 261,632,786 ",383407114.3
10779.27484," 262,728,489 ",385342445.7
10826.34591," 263,818,370 ",387308213.1
10873.41697," 264,902,421 ",389212736.1
10920.48804," 265,980,635 ",390956998.6
10967.55911," 267,053,004 ",392776062.7
11014.63018," 268,119,523 ",394378148.1
11061.70125," 269,180,188 ",396035755.1
11108.77232," 270,234,993 ",397651632.2
11155.84339," 271,283,934 ",399298112.5
11202.91446," 272,327,010 ",400997064.1
11249.98553," 273,364,217 ",402658968.2
11297.0566," 274,395,554 ",404224587.1
11344.12767," 275,421,020 ",405757926.4
11391.19874," 276,440,613 ",407249237.1
11438.2698," 277,454,335 ",408634623.8
11485.34087," 278,462,186 ",409942946.7
11532.41194," 279,464,168 ",411236542.8
11579.48301," 280,460,281 ",412471810.6
11626.55408," 281,450,530 ",413772760
11673.62515," 282,434,917 ",415051035.2
11720.69622," 283,413,446 ",416312892.2
11767.76729," 284,386,121 ",417636910.2
11814.83836," 285,352,947 ",418902490.4
11861.90943," 286,313,929 ",420101249
11908.9805," 287,269,073 ",421353620.1
11956.05157," 288,218,386 ",422672558.4
12003.12263," 289,161,874 ",424019153.1
12050.1937," 290,099,545 ",425170920.7
12097.26477," 291,031,407 ",426298313.1
12144.33584," 291,957,468 ",427362310
12191.40691," 292,877,738 ",428385866.6
12238.47798," 293,792,225 ",429490519.5
12285.54905," 294,700,939 ",430538818.2
12332.62012," 295,603,891 ",431522418
12379.69119," 296,501,091 ",432438185.7
12426.76226," 297,392,550 ",433446014.7
12473.83333," 298,278,281 ",434488101.2
12520.9044," 299,158,294 ",435511431.8
12567.97546," 300,032,603 ",436467651.2
12615.04653," 300,901,220 ",437394654.1
12662.1176," 301,764,158 ",438370067
12709.18867," 302,621,432 ",439335214.5
12756.25974," 303,473,054 ",440213239.3
12803.33081," 304,319,040 ",441136043.4
12850.40188," 305,159,403 ",442008344.9
12897.47295," 305,994,159 ",442910900.4
12944.54402," 306,823,324 ",443827499.4
12991.61509," 307,646,913 ",444891031.9
13038.68616," 308,464,942 ",445879685.7
13085.75723," 309,277,428 ",446877686.9
13132.82829," 310,084,387 ",448030046.7
13179.89936," 310,885,836 ",449191968.4
13226.97043," 311,681,793 ",450207023.6
13274.0415," 312,472,275 ",451357245.7
13321.11257," 313,257,300 ",452599433.4
13368.18364," 314,036,887 ",453854898.2
13415.25471," 314,811,053 ",455179155.1
13462.32578," 315,579,818 ",456406752.7
13509.39685," 316,343,199 ",457741026.4
13556.46792," 317,101,218 ",459139278.1
13603.53899," 317,853,893 ",460535256.6
13650.61005," 318,601,243 ",461746362.7
13697.68112," 319,343,290 ",462928583.8
13744.75219," 320,080,052 ",464011970.1
13791.82326," 320,811,550 ",465127453.1
13838.89433," 321,537,806 ",466214306.1
13885.9654," 322,258,839 ",467267806.8
13933.03647," 322,974,671 ",468312880.3
13980.10754," 323,685,323 ",469371504.5
14027.17861," 324,390,817 ",470452841
14074.24968," 325,091,173 ",471589790.8
14121.32075," 325,786,414 ",472758926
14168.39182," 326,476,562 ",473962000.6
14215.46288," 327,161,639 ",475203619
14262.53395," 327,841,666 ",476384287.1
14309.60502," 328,516,668 ",477539777.9
14356.67609," 329,186,665 ",478622137.3
14403.74716," 329,851,681 ",479786696.3
14450.81823," 330,511,738 ",480989088.9
14497.8893," 331,166,860 ",482095220.7
14544.96037," 331,817,070 ",483253041
14592.03144," 332,462,391 ",484327680.7
14639.10251," 333,102,846 ",485478643.6
14686.17358," 333,738,459 ",486723647.1
14733.24465," 334,369,253 ",487959329.5
14780.31571," 334,995,252 ",489134878.9
14827.38678," 335,616,480 ",490213122.1
14874.45785," 336,232,960 ",491339846.1
14921.52892," 336,844,717 ",492519966
14968.59999," 337,451,775 ",493681774.2
15015.67106," 338,054,158 ",494860499.2
15062.74213," 338,651,889 ",495970257.4
15109.8132," 339,244,994 ",497032676.8
15156.88427," 339,833,497 ",498009187.3
15203.95534," 340,417,421 ",498996434.6
15251.02641," 340,996,792 ",500073988.1
15298.09748," 341,571,634 ",501158632
15345.16854," 342,141,971 ",502172619.5
15392.23961," 342,707,829 ",503232357
15439.31068," 343,269,231 ",504239096.1
15486.38175," 343,826,203 ",505185239.8
15533.45282," 344,378,769 ",506129893
15580.52389," 344,926,955 ",507041947.9
15627.59496," 345,470,784 ",507877501.8
15674.66603," 346,010,281 ",508738019.9
15721.7371," 346,545,473 ",509540534.6
15768.80817," 347,076,382 ",510399929.9
15815.87924," 347,603,035 ",511176518.2
15862.95031," 348,125,455 ",511936177.2
15910.02137," 348,643,669 ",512678185.4
15957.09244," 349,157,700 ",513450339.3
16004.16351," 349,667,575 ",514234924.6
16051.23458," 350,173,317 ",514964171.3
16098.30565," 350,674,951 ",515733077.5
16145.37672," 351,172,503 ",516472356.6
16192.44779," 351,665,997 ",517252153.7
16239.51886," 352,155,458 ",518024203.4
16286.58993," 352,640,911 ",518859395.5
16333.661," 353,122,381 ",519566835.2
16380.73207," 353,599,892 ",520280782.1
16427.80314," 354,073,470 ",520998958.4
16474.8742," 354,543,139 ",521640424.4
16521.94527," 355,008,923 ",522330468.8
16569.01634," 355,470,848 ",522937552
16616.08741," 355,928,938 ",523470685.2
16663.15848," 356,383,218 ",524040189.1
16710.22955," 356,833,712 ",524518966.4
16757.30062," 357,280,445 ",525017448
16804.37169," 357,723,441 ",525525645.9
16851.44276," 358,162,725 ",526006104.9
16898.51383," 358,598,321 ",526437494.7
16945.5849," 359,030,254 ",526816310.7
16992.65596," 359,458,547 ",527240995.9
17039.72703," 359,883,226 ",527571905.7
17086.7981," 360,304,313 ",527930435.9
17133.86917," 360,721,834 ",528300671.3
17180.94024," 361,135,812 ",528674473.4
17228.01131," 361,546,271 ",529110217.6
17275.08238," 361,953,236 ",529468343.8
17322.15345," 362,356,730 ",529789096.7
17369.22452," 362,756,777 ",530198297.7
17416.29559," 363,153,400 ",530573958.4
17463.36666," 363,546,624 ",530920901.2
17510.43773," 363,936,472 ",531255739.8
17557.50879," 364,322,967 ",531599686.7
17604.57986," 364,706,133 ",531964882
17651.65093," 365,085,993 ",532283920.7
17698.722," 365,462,571 ",532617700.6
17745.79307," 365,835,890 ",532909313.3
17792.86414," 366,205,972 ",533212586.9
17839.93521," 366,572,841 ",533553313.3
17887.00628," 366,936,521 ",533889179.9
17934.07735," 367,297,033 ",534187045.1
17981.14842," 367,654,400 ",534469308
18028.21949," 368,008,646 ",534726813.9
18075.29056," 368,359,793 ",535005358
18122.36162," 368,707,863 ",535293485.9
18169.43269," 369,052,879 ",535631165.2
18216.50376," 369,394,863 ",535990770.9
18263.57483," 369,733,837 ",536363859.6
18310.6459," 370,069,825 ",536790213.7
18357.71697," 370,402,847 ",537201875.4
18404.78804," 370,732,925 ",537563886.9
18451.85911," 371,060,082 ",537963013.7
18498.93018," 371,384,340 ",538361500.6
18546.00125," 371,705,719 ",538804555.7
18593.07232," 372,024,243 ",539217307
18640.14339," 372,339,931 ",539550485
18687.21445," 372,652,806 ",539877565.4
18734.28552," 372,962,888 ",540198660.7
18781.35659," 373,270,200 ",540491846.9
18828.42766," 373,574,762 ",540769665.4
18875.49873," 373,876,595 ",541024216.4
18922.5698," 374,175,720 ",541277049
18969.64087," 374,472,157 ",541511757.2
19016.71194," 374,765,929 ",541767732
19063.78301," 375,057,054 ",542009862.9
19110.85408," 375,345,553 ",542239037.3
19157.92515," 375,631,448 ",542514463.9
19204.99622," 375,914,758 ",542755250
19252.06728," 376,195,503 ",542988688.9
19299.13835," 376,473,703 ",543244598.8
19346.20942," 376,749,379 ",543521186.7
19393.28049," 377,022,550 ",543796606.3
19440.35156," 377,293,236 ",544102965.6
19487.42263," 377,561,456 ",544383125.8
19534.4937," 377,827,231 ",544612516.4
19581.56477," 378,090,579 ",544840699.6
19628.63584," 378,351,519 ",545072555.3
19675.70691," 378,610,072 ",545262312.5
19722.77798," 378,866,255 ",545456798.8
19769.84905," 379,120,089 ",545658874.2
19816.92011," 379,371,592 ",545855570.3
19863.99118," 379,620,782 ",546052771.3
19911.06225," 379,867,679 ",546273948.2
19958.13332," 380,112,300 ",546499943.4
20005.20439," 380,354,665 ",546715485.4
20052.27546," 380,594,791 ",546881815.2
20099.34653," 380,832,698 ",547065623
20146.4176," 381,068,402 ",547249200.4
20193.48867," 381,301,922 ",547408484.4
20240.55974," 381,533,276 ",547545374.4
20287.63081," 381,762,481 ",547662452.3
20334.70187," 381,989,556 ",547807426.4
20381.77294," 382,214,518 ",547938385.5
20428.84401," 382,437,384 ",548063528.1
20475.91508," 382,658,172 ",548158962.7
20522.98615," 382,876,898 ",548254996.9
20570.05722," 383,093,581 ",548336623
20617.12829," 383,308,237 ",548402106.1
20664.19936," 383,520,882 ",548487639.8
20711.27043," 383,731,534 ",548577317.8
20758.3415," 383,940,210 ",548654505.1
20805.41257," 384,146,926 ",548733966.8
20852.48364," 384,351,698 ",548797366.2
20899.5547," 384,554,543 ",548889631
20946.62577," 384,755,477 ",548959600.6
20993.69684," 384,954,516 ",549024331.3
21040.76791," 385,151,677 ",549077131.8
21087.83898," 385,346,975 ",549121562.5
21134.91005," 385,540,425 ",549161421.7
21181.98112," 385,732,045 ",549212790.6
21229.05219," 385,921,849 ",549237143.8
21276.12326," 386,109,853 ",549267549.2
21323.19433," 386,296,072 ",549287737.3
21370.2654," 386,480,522 ",549301076.8
21417.33647," 386,663,218 ",549316481.1
21464.40753," 386,844,174 ",549355800.4
21511.4786," 387,023,407 ",549384827.5
21558.54967," 387,200,930 ",549415857
21605.62074," 387,376,758 ",549448954.9
21652.69181," 387,550,907 ",549520701.2
21699.76288," 387,723,391 ",549560540.2
21746.83395," 387,894,223 ",549577003.3
21793.90502," 388,063,420 ",549587684.4
21840.97609," 388,230,994 ",549594031.6
21888.04716," 388,396,960 ",549603009.8
21935.11823," 388,561,332 ",549610007.2
21982.1893," 388,724,124 ",549631077
22029.26036," 388,885,350 ",549656760.7
22076.33143," 389,045,024 ",549675161.1
22123.4025," 389,203,159 ",549689719.5
22170.47357," 389,359,768 ",549709696.9
22217.54464," 389,514,866 ",549743161.7
22264.61571," 389,668,466 ",549790772.9
22311.68678," 389,820,580 ",549829768.9
22358.75785," 389,971,222 ",549863713.9
22405.82892," 390,120,406 ",549900566.8
22452.89999," 390,268,143 ",549926525
22499.97106," 390,414,448 ",549968723.4
22547.04213," 390,559,332 ",550025481.1
22594.11319," 390,702,808 ",550097592
22641.18426," 390,844,889 ",550197640.2
22688.25533," 390,985,588 ",550278264.3
22735.3264," 391,124,916 ",550372983.4
22782.39747," 391,262,886 ",550466049.4
22829.46854," 391,399,511 ",550533586.3
22876.53961," 391,534,802 ",550599327
22923.61068," 391,668,771 ",550674711.9
22970.68175," 391,801,430 ",550736473.2
23017.75282," 391,932,792 ",550785149.8
23064.82389," 392,062,868 ",550832460.2
23111.89496," 392,191,668 ",550873512.9
23158.96602," 392,319,206 ",550908416.6
23206.03709," 392,445,493 ",550940722.3
23253.10816," 392,570,539 ",550984661.7
23300.17923," 392,694,356 ",551019368.6
23347.2503," 392,816,956 ",551068555.3
23394.32137," 392,938,349 ",551125046.5
23441.39244," 393,058,547 ",551165514.6
23488.46351," 393,177,560 ",551200650.2
23535.53458," 393,295,399 ",551243076.6
23582.60565," 393,412,075 ",551281742.8
23629.67672," 393,527,599 ",551322696.5
23676.74778," 393,641,981 ",551358667.4
23723.81885," 393,755,231 ",551401527.1
23770.88992," 393,867,361 ",551444242.2
23817.96099," 393,978,380 ",551505827
23865.03206," 394,088,299 ",551572735.2
23912.10313," 394,197,128 ",551650891.6
23959.1742," 394,304,877 ",551792337.3
24006.24527," 394,411,556 ",551918286.3
24053.31634," 394,517,174 ",552009684.8
24100.38741," 394,621,743 ",552093376.6
24147.45848," 394,725,270 ",552167703.5
24194.52955," 394,827,767 ",552211726.2
24241.60061," 394,929,243 ",552267623.2
24288.67168," 395,029,706 ",552357001.8
24335.74275," 395,129,168 ",552422918.6
24382.81382," 395,227,636 ",552480466.6
24429.88489," 395,325,121 ",552536742.8
24476.95596," 395,421,632 ",552585023.4
24524.02703," 395,517,177 ",552616522.3
24571.0981," 395,611,765 ",552649732
24618.16917," 395,705,407 ",552689877
24665.24024," 395,798,110 ",552735509
24712.31131," 395,889,883 ",552767180.3
24759.38238," 395,980,736 ",552796460.5
24806.45344," 396,070,676 ",552822049
24853.52451," 396,159,713 ",552851545.9
24900.59558," 396,247,854 ",552880611.5
24947.66665," 396,335,109 ",552901535
24994.73772," 396,421,486 ",552924224.2
25041.80879," 396,506,993 ",552935640.8
25088.87986," 396,591,639 ",552945235.4
25135.95093," 396,675,431 ",552952473.4
25183.022," 396,758,378 ",552954863.9
25230.09307," 396,840,487 ",552956790
25277.16414," 396,921,767 ",552958251.8
25324.23521," 397,002,225 ",552961922.3
25371.30627," 397,081,870 ",552971563.9
25418.37734," 397,160,709 ",552984205.1
25465.44841," 397,238,750 ",553001123
25512.51948," 397,316,000 ",553006866
25559.59055," 397,392,468 ",553007116.4
25606.66162," 397,468,160 ",553008833
25653.73269," 397,543,083 ",553008833
25700.80376," 397,617,247 ",553010603.1
25747.87483," 397,690,656 ",553012712.3
25794.9459," 397,763,320 ",553018274.6
25842.01697," 397,835,245 ",553022267.4
25889.08804," 397,906,437 ",553024055.7
25936.1591," 397,976,905 ",553024055.7
25983.23017," 398,046,655 ",553024055.7
26030.30124," 398,115,695 ",553024055.7
26077.37231," 398,184,030 ",553024055.7
26124.44338," 398,251,668 ",553024055.7
26171.51445," 398,318,615 ",553024055.7
26218.58552," 398,384,879 ",553024055.7
26265.65659," 398,450,466 ",553024055.7
26312.72766," 398,515,382 ",553024055.7
26359.79873," 398,579,633 ",553024055.7
26406.8698," 398,643,228 ",553024055.7
26453.94087," 398,706,171 ",553024055.7
26501.01193," 398,768,469 ",553024277.7
26548.083," 398,830,128 ",553024277.7
26595.15407," 398,891,155 ",553024277.7
26642.22514," 398,951,556 ",553024277.7
26689.29621," 399,011,336 ",553024277.7
26736.36728," 399,070,503 ",553024277.7
26783.43835," 399,129,061 ",553024277.7
26830.50942," 399,187,017 ",553024277.7
26877.58049," 399,244,377 ",553024277.7
26924.65156," 399,301,147 ",553024277.7
26971.72263," 399,357,332 ",553024277.7
27018.79369," 399,412,938 ",553024277.7
27065.86476," 399,467,971 ",553024277.7
27112.93583," 399,522,436 ",553024522.9
27160.0069," 399,576,339 ",553024522.9
27207.07797," 399,629,686 ",553024522.9
27254.14904," 399,682,482 ",553024522.9
27301.22011," 399,734,732 ",553024522.9
27348.29118," 399,786,442 ",553024522.9
27395.36225," 399,837,617 ",553024522.9
27442.43332," 399,888,263 ",553024522.9
27489.50439," 399,938,384 ",553024522.9
27536.57546," 399,987,987 ",553024522.9
27583.64652," 400,037,075 ",553024522.9
27630.71759," 400,085,654 ",553024522.9
27677.78866," 400,133,729 ",553024522.9
27724.85973," 400,181,306 ",553024522.9
27771.9308," 400,228,389 ",553024522.9
27819.00187," 400,274,982 ",553024522.9
27866.07294," 400,321,091 ",553024522.9
27913.14401," 400,366,721 ",553024522.9
27960.21508," 400,411,877 ",553024522.9
28007.28615," 400,456,562 ",553024522.9
28054.35722," 400,500,782 ",553024522.9
28101.42829," 400,544,542 ",553024522.9
28148.49935," 400,587,846 ",553024522.9
28195.57042," 400,630,698 ",553024522.9
