distance_m,empirical_volume_m3,constructed_area_m2,empirical_H_m,model_H_m,psi,pi,model_volume_m3
140.97785211875006,1560280.468347,96000.0,7.018693305785487,5.19116359352329,0.29893402230879246,0.48348506564990174,439458.95007971337
422.93355635625016,2097007.61751,224500.0,3.222287306832031,5.1738878506036485,0.3111694635337767,0.48011739120722785,1282064.0950663527
704.8892605937504,2563479.2975125,243700.0,2.3951254362992125,5.156600070032659,0.32367449063303094,0.4767515225988452,2076313.6286797181
986.8449648312504,2838450.9783109995,248100.0,1.882359678169747,5.139300757452213,0.33643660959268734,0.4733877643011071,2822364.9029939184
1268.8006690687507,1020384.76572,171300.0,0.5620773809484891,5.121990417276977,0.34944193463589396,0.4700264200250208,3520474.87989763
1550.7563733062507,1475922.4609794999,257800.0,0.6845031082341879,5.104669552671346,0.36267522136932023,0.46666779260698366,4171003.8857620456
1832.7120775437506,3311403.5165999997,639600.0,1.2165050515942561,5.0873386655265715,0.3761199148493316,0.46331218390019285,4774418.552433652
2114.667781781251,6378524.413738,1264000.0,1.9322267695340487,5.069998256438032,0.38975821268095917,0.45995989466680864,5331293.859248266
2396.623486018751,7423840.234078,1463600.0,1.982404004508003,5.052648824682686,0.40357114298948915,0.4566112244709548,5842314.202585028
2678.5791902562514,7286570.509234999,1496100.0,1.7799645725279194,5.035290868196689,0.41753865681816915,0.45326647157263306,6308273.433800892
2960.5348944937514,7490950.977132999,1583600.0,1.6616835190475379,5.017924883553158,0.4316397342139694,0.44992593282263504,6730073.822939935
3242.4905987312513,7723580.6626120005,1544600.0,1.5633915542135568,5.000551365940132,0.44585250297504575,0.4465899035585249,7108723.924028174
3524.4463029687513,7693903.516085001,1576800.0,1.443293291825416,4.983170809138682,0.4601543687574387,0.4432586775017727,7445335.337583015
3806.4020072062517,7560421.287102001,1630800.0,1.3110386652530188,4.965783705501194,0.47452215498354616,0.4399325466561103,7741118.386649415
4088.357711443752,8839616.99329,1874500.0,1.414731584852717,4.948390545929834,0.48893225076958147,0.43661180120718557,7997376.743627982
4370.313415681252,8885136.718971,1958700.0,1.3467597414745403,4.930991819855167,0.5033607649014026,0.43329672942358477,8215501.065755064
4652.269119918752,10271456.640875,2142400.0,1.4492788578210363,4.913588015214978,0.5177836837443879,0.42998761755929377,8396961.716697622
4934.224824156252,9720787.8893755,2078700.0,1.3002621603274143,4.896179618433227,0.5321770308786633,0.4266847497576649,8543300.669722509
5216.180528393752,9483438.2796295,2076100.0,1.2110609978276032,4.878767114399229,0.5465170262093673,0.4233884079569583,8656122.703727234
5498.136232631253,10196498.046427,2154000.0,1.2198720943946224,4.861350986446966,0.5607802423143142,0.4200988717975177,8737086.016587686
5780.091936868753,11333608.985607,2423900.0,1.2835943793466382,4.8439317163346045,0.5749437558579249,0.4168164185306467,8787892.390395647
6062.047641106253,11150892.577426502,2434600.0,1.2198411822018556,4.826509784224188,0.5889852920181765,0.4135413229292425,8810277.049946574
6344.003345343753,11945771.876151,2500000.0,1.2530032275628864,4.809085668661498,0.6028833600383312,0.41027385720024645,8805998.359142568
6625.959049581253,12195216.013903998,2595900.0,1.2342322507714323,4.791659846556107,0.6166173782213996,0.4070142908989662,8776827.49977301
6907.9147538187535,14219993.35782,3080900.0,1.3512726766909529,4.774232793161612,0.6301677869254668,0.4037628908453223,8724538.273529062
7189.8704580562535,13887723.242231,3231600.0,1.293995420573082,4.756804982056048,0.643516148383942,0.4005199210420717,8650897.161319776
7471.826162293753,14595779.881635997,3258500.0,1.3238938376061025,4.739376885122484,0.656645232457694,0.39728564259505317,8557653.764313538
7753.781866531253,14884167.968096998,3230500.0,1.313112494895716,4.721948972529812,0.6695390877169429,0.394060313635505,8446531.73903996
8035.737570768753,15491681.445790999,3325800.0,1.3083503349733134,4.704521712713707,0.6821830975409195,0.3908441892444945,8319220.324829192
8317.693275006253,15569332.422787,3180800.0,1.2537170625529463,4.687095572357796,0.6945640212044786,0.38763752137950286,8177366.546352691
8599.648979243753,16535752.929657003,3255000.0,1.2700748898566843,4.669671016374986,0.7066700201857082,0.3844405588032018,8022568.157591396
8881.604683481255,17447671.680347,3372500.0,1.302760458955092,4.652248507889004,0.718490670170869,0.3812535470144607,7856367.376717385
9163.560387718753,17241362.50268,3364000.0,1.2439207249663673,4.634828508216115,0.7300169594477122,0.3780767281816134,7680245.444627943
9445.516091956255,17400178.911830995,3413000.0,1.206248462869885,4.617411476847031,0.7412412745617416,0.37491034107801946,7495618.023666765
9727.471796193753,16298232.812756998,3311400.0,1.097127215784993,4.59999787142901,0.7521573742599772,0.3717546210199453,7303831.437796509
10009.427500431255,14438264.060808,3096300.0,0.951406387790273,4.582588147748149,0.7627603528623031,0.36860979980679126,7106159.74147345
10291.383204668753,12636653.3201015,2864100.0,0.8308989739859654,4.565182759711867,0.7730465942817495,0.3654761056636886,6903802.5919680875
10573.338908906255,11560256.641013,2635000.0,0.7550693922968414,4.547782159331576,0.7830137179633866,0.3623537631864842,6697883.889050492
10855.294613143757,11107928.124008,2565200.0,0.7027667540588514,4.530386796705561,0.7926605180290658,0.3592429932891336,6489451.136919182
11137.250317381255,9862482.22742,2319400.0,0.6219965615704633,4.512997120002031,0.8019868969049462,0.35614401315351485,6279475.476032017
11419.206021618756,8316663.280766999,1994700.0,0.5099908345890336,4.4956135754423805,0.8109937946739468,0.3530570361816764,6068852.327074351
11701.161725856255,7684273.048499999,1816800.0,0.4619318413873798,4.4782366072846465,0.8196831153397164,0.34998227195053,5858402.585596109
11983.117430093756,7276949.21831,1736100.0,0.42767425296862793,4.460866657807149,0.828057651116218,0.34691992616899436,5648874.303750447
12265.073134331255,6090915.625137,1494700.0,0.35574847476221616,4.443504167292344,0.8361210057714379,0.34387020063759466,5440944.794923227
12547.028838568756,5932793.359853,1501300.0,0.33923435650498346,4.426149574010857,0.8438775179587212,0.34083329321052125,5235223.09768492
12828.984542806254,5484473.046342,1395900.0,0.3017754143368284,4.408803314205727,0.8513321853682402,0.33780939776014623,5032252.7372425245
13110.940247043756,6428148.242649999,1627300.0,0.3403702160762047,4.391465822076841,0.8584905904272259,0.3347987041439959,4832514.725231469
13392.895951281254,7597379.491363,1933100.0,0.39219840856066424,4.374137529765572,0.8653588281735699,0.33180139817417387,4636430.742081274
13674.851655518756,7227308.593682999,1871500.0,0.3606413896848256,4.356818867339607,0.871943436825546,0.32881766158922804,4444366.450137607
13956.807359756258,6482767.772432501,1719000.0,0.3245860854816952,4.339510262777986,0.878251331472629,0.3258476720284507,4256634.890062374
14238.763063993756,7037659.959808001,1895500.0,0.3439722907902964,4.322212141956332,0.8842897412202086,0.3228916030086022,4073499.917613629
14520.718768231258,6900474.609126,1864600.0,0.3332724603016489,4.304924928632286,0.8900661500355225,0.3199496239030407,3895179.6425965596
14802.674472468756,7013383.787834999,1843900.0,0.33194923555845796,4.287649044431137,0.8955882414641496,0.31702189992324586,3721849.836462544
15084.630176706258,6366411.719415999,1608500.0,0.2948511407040053,4.270384908831658,0.9008638473163769,0.31410859210271463,3553647.279619766
15366.585880943756,6139013.671538998,1507200.0,0.2776813779105104,4.253132939152143,0.9059009003608471,0.3112098572832117,3390673.023930478
15648.541585181258,5136392.577303,1297500.0,0.2294194697839781,4.235893550536641,0.9107073910091199,0.30832584810335,3232995.55004559
15930.497289418756,4541287.695245,1147200.0,0.2021543058348794,4.218667155941398,0.9152913279288573,0.30545671298947946,3080653.803124342
16212.452993656258,4582627.733917,1110600.0,0.20365560106238975,4.201454166121495,0.9196607024849696,0.3026025961488559,2933660.0940735345
16494.408697893756,3852233.2025850005,922900.0,0.16841454117630658,4.184254989617693,0.9238234568766988,0.29976363756506375,2792002.8567009866
16776.364402131258,2879014.2565230005,697800.0,0.12646763972351574,4.167070032743474,0.9277874558137674,0.2969399729956626,2655649.254102773
17058.32010636876,2242207.8133400003,554500.0,0.09692070135052595,4.149899699572299,0.9315604615557653,0.2941317339720265,2524547.630195125
17340.275810606257,2203535.15684,540200.0,0.09288723923079908,4.13274439192505,0.9351501121252593,0.29133904780134384,2398629.8045681124
17622.231514843756,1981633.2023130003,493900.0,0.0836775710463806,4.11560450935769,0.9385639024960937,0.28856203757074217,2277813.2107922896
17904.187219081257,1798206.2495149998,451300.0,0.07452664845519262,4.0984804491491165,0.9418091685533679,0.2858008221535049,2162002.879969837
18186.14292331876,2116128.124995,561800.0,0.08712253943604653,4.081372606289229,0.9448930736200726,0.2830555162173402,2051093.2727084048
18468.09862755626,2386171.2899730005,610400.0,0.09422987204307656,4.06428137346719,0.9478225973467753,0.2803262302346661,1944969.9638313279
18750.05433179376,1779473.0474,438100.0,0.06978994121446304,4.047207141059893,0.9506045267645713,0.2776130704948706,1843511.18504582
19032.010036031257,1491580.85902,423300.0,0.057712194013079,4.030150297120638,0.9532454493072937,0.2749161391185077,1746589.231493836
19313.96574026876,1599375.9764719997,449500.0,0.060207264698764924,4.013111227368006,0.9557517476162921,0.27223553407338635,1654071.7386325616
19595.92144450626,1324438.476615,387900.0,0.05030927637604384,3.9960903151749387,0.9581295959495763,0.26957134919251124,1565822.8362544111
19877.87714874376,1257166.4064899997,376500.0,0.04954527141652843,3.979087941558025,0.9603849580264502,0.2669236741938298,1481704.1866818778
20159.832852981257,927995.117365,282700.0,0.04259612346129209,3.9621044851669867,0.9625235861486707,0.26429259470174293,1401575.9142795552
20441.78855721876,652083.5938000003,189100.0,0.03499775364984648,3.9451403222743684,0.9645510214493881,0.2616781922703334,1325297.433433342
20723.74426145626,466992.96877999994,137500.0,0.02804521965505237,3.92819582676544,0.9664725951314973,0.25908054440826606,1252728.1820707899
21005.69996569376,355470.5078150001,93600.0,0.023015922241737128,3.911271370128291,0.9682934305673443,0.2564997246053131,1183728.2676531016
21287.65566993126,145707.61706999995,39300.0,0.010947102258474024,3.894367321444132,0.970018446141899,0.2539358023604577,1118159.032370201
21569.61137416876,242071.28853,56500.0,0.017845408441948284,3.877484047377809,0.9716523587313705,0.2513888432115284,1055883.5440294058
21851.56707840626,74158.59367,19500.0,0.007615890238694859,3.860621912168505,0.9731996877187645,0.24885890876631558,996767.0188538962
22133.522782643762,158720.89841999998,36100.0,0.014046469539284174,3.843781277620659,0.9746647594569701,0.24634605673512303,940677.1821100777
22415.47848688126,241047.46067999996,61200.0,0.02265002303015082,3.826962503095084,0.9760517120985784,0.2438503409647034,887484.5721698565
22697.43419111876,505796.0934300001,143900.0,0.046267671184540164,3.810165945500283,0.97736450071977,0.2413718114735316,837062.793291465
22979.38989535626,337208.3988,100500.0,0.03452161461975964,3.7933919592839733,0.978606902673203,0.23891051448836492,789288.7220767675
23261.345599593762,251287.89062000002,73800.0,0.02784029464522774,3.776640896424816,0.9797825231119309,0.23646649248204127,744042.6722379096
23543.30130383126,234131.836142,69300.0,0.02795057816391397,3.7599131064243383,0.9808948006329428,0.23403978421246663,701208.521985773
23825.25700806876,447299.02342,124600.0,0.054572136463742656,3.7432089362990664,0.9819470129949823,0.23163042476274126,660673.8080400389
24107.21271230626,465257.03141000005,132800.0,0.060703585897678054,3.7265287305728587,0.9829422828708634,0.22923844558237777,622329.7899579634
24389.168416543762,340484.179435,88400.0,0.04586545458199744,3.7098728312694393,0.9838835835996017,0.2268638745295588,586071.488187564
24671.124120781264,205198.04695,58500.0,0.03397236963672004,3.6932415779051317,0.9847737449083089,0.22450673591438847,551797.6989734293
24953.07982501876,120338.08586,32400.0,0.021847831026629117,3.676635307481798,0.9856154585780196,0.22216705054308672,519410.98897869955
25235.03552925626,26589.06248,7600.0,0.0066482256992166896,3.6600543544799744,0.9864112840314156,0.21984483576307898,488817.6722376958
25516.99123349376,36575.39056,10800.0,0.010041901405947795,3.643499050852208,0.9871636538238521,0.21754010550893355,459927.77181849995
25798.946937731263,14948.82805,4000.0,0.0038104111362131463,3.626969726016596,0.9878748790221615,0.2152528703490976,432654.9683548633
26080.90264196876,0.0,0.0,2.2138549128005248e-05,3.610466706850525,0.9885471544584674,0.21298313753338613,406916.5374015175
26362.85834620626,222.07031,100.0,0.0001048121727730549,3.5939903176846015,0.9891825638486895,0.21073091104117542,382633.27737577644
26644.81405044376,0.0,0.0,1.8832670457667163e-05,3.577540880296794,0.989783084767599,0.20849619163025598,359729.42967135506
26926.769754681263,0.0,0.0,7.025155020432976e-05,3.5611187139067626,0.9903505934742036,0.20627897688629823,338132.5923665542
27208.72545891876,245.11719,100.0,0.00021309298027406823,3.5447241351703935,0.9908868695829397,0.2040792612728859,317773.6287979834
27490.681163156263,0.0,0.0,0.0,3.5283574581745247,0.991393600577622,0.20189703618207283,298586.5721326296
27772.63686739376,0.0,0.0,0.0,3.5120189944318785,0.9918723861664035,0.19973228998541867,280508.5269436578
28054.592571631263,0.0,0.0,0.0,3.4957090528761774,0.9923247424771126,0.19758500808546067,263479.56867928966
