city,alpha_prob_delta,beta_delta,kappa_prob_delta,delta_delta,A_delta,B_delta,C_delta,Name,continent,alpha_beta_name,alpha_beta_short,kappa_delta_name,kappa_delta_short,height_name,height_short
Kigali,-0.04043879285550511,0.0059684161823720105,0.004805735734095262,0.005299092000000005,-0.42555137899999984,0.011960443,-0.00046311999999999997,Kigali,Africa,"Constraint relaxing, edge-locked","Constraint down, steep","Dense core, sparse periphery",Dense core,Low Volcanic,Low Volcanic
Conakry,0.005300168095656921,-0.008963183636078897,0.05305718976482915,0.0028240900000000013,0.45581466499999923,0.0076768819999999995,-0.000515461,Conakry,Africa,Core constraint rising,"Constraint up, flat","Dense core, sparse periphery",Dense core,High Volcanic,High Volcanic
Abuja,-0.036398075223128545,0.01276855274999289,-0.006328182681874461,-0.001801239999999999,-0.6838962579999999,-0.029441774000000004,0.0018836329999999996,Abuja,Africa,"Constraint relaxing, edge-locked","Constraint down, steep",Uniform sparse construction,Sparse uniform,Low Crown,Low Crown
Aba,-0.007530899745559816,0.015460453911621513,-0.02259052902080877,0.0005596840000000047,-0.036047916000000235,-0.0039557829999999974,0.000353709,Aba,Africa,"Constraint relaxing, edge-locked","Constraint down, steep","Small core, sparse periphery",Small core,Low Crown,Low Crown
Brazzaville,0.01696166562954038,0.01991829086507871,-0.009865333546967003,-0.008904754,0.26987528499999947,0.0006380410000000024,6.346300000000004e-05,Brazzaville,Africa,"Core constraint rising, steep gradient","Constraint up, steep",Uniform sparse construction,Sparse uniform,High Bowl,High Bowl
Freetown,0.006900553962169265,-0.008231879649449297,0.02303138338426375,-0.0002085739999999961,-0.2561220430000004,-0.004275641,0.00020932399999999994,Freetown,Africa,Core constraint rising,"Constraint up, flat",Uniform dense construction,Dense uniform,Low Crown,Low Crown
Mombasa,-0.0069346745501863705,-0.00012831436031229826,0.003793180454448153,-0.006449263999999996,-0.742108913,0.011391732999999994,-0.00016060300000000005,Mombasa,Africa,"Constraint relaxing, uniform spread","Constraint down, flat",Uniform dense construction,Dense uniform,Low Volcanic,Low Volcanic
Monrovia,-0.0215699332753283,-0.004914034770868006,0.060643160035712185,-0.01693921100000001,1.1539407079999995,-0.021125183,0.00040843999999999993,Monrovia,Africa,"Constraint relaxing, uniform spread","Constraint down, flat",Uniform dense construction,Dense uniform,High Crown,High Crown
Lilongwe,-0.06041432360317045,0.0309919086457367,0.024991313830952933,-0.013874984,-0.12419982400000062,0.0026276470000000003,-0.000212623,Lilongwe,Africa,"Constraint relaxing, edge-locked","Constraint down, steep",Uniform dense construction,Dense uniform,Low Volcanic,Low Volcanic
Niamey,-0.028091893874319068,-0.0017956500825946908,0.02594128941453394,0.004006594000000002,-0.0822701539999997,0.020946248999999997,-0.0010924139999999999,Niamey,Africa,"Constraint relaxing, uniform spread","Constraint down, flat","Dense core, sparse periphery",Dense core,Low Volcanic,Low Volcanic
Nouakchott,-0.04538616038480217,0.09734523824841568,0.033834391651652806,-0.0070668069999999805,0.7178317779999999,-0.028179336,0.0009692239999999999,Nouakchott,Africa,"Constraint relaxing, edge-locked","Constraint down, steep",Uniform dense construction,Dense uniform,High Crown,High Crown
Bujumbura,-0.05923846848016412,0.04853638689262518,0.028378188309557184,-0.014198740000000001,-0.4295521450000006,0.015661170999999998,-0.0006027820000000001,Bujumbura,Africa,"Constraint relaxing, edge-locked","Constraint down, steep",Uniform dense construction,Dense uniform,Low Volcanic,Low Volcanic
Oran,-0.01028398758750071,0.002445451709951807,-0.001859970434758662,0.004885779999999999,0.6051613410000005,0.010787028,-0.000680934,Oran,Africa,"Constraint relaxing, edge-locked","Constraint down, steep","Small core, sparse periphery",Small core,High Volcanic,High Volcanic
Bangui,-0.011422243454093595,-0.022823494555197332,0.02582158232612869,-0.008765900999999993,-0.340240047,-0.011194359,0.0008912709999999999,Bangui,Africa,"Constraint relaxing, uniform spread","Constraint down, flat",Uniform dense construction,Dense uniform,Low Crown,Low Crown
Libreville,0.01485294328251191,-0.01437981178115691,0.01721897970333075,4.563400000000273e-05,0.32949022999999933,-0.000611009,0.000160786,Libreville,Africa,Core constraint rising,"Constraint up, flat","Dense core, sparse periphery",Dense core,High Crown,High Crown
Constantine,-0.01395506553762249,-0.003782666856727304,0.006012168522032291,0.0004789340000000003,0.59554698,-0.0010728379999999996,3.067300000000005e-05,Constantine,Africa,"Constraint relaxing, uniform spread","Constraint down, flat","Dense core, sparse periphery",Dense core,High Crown,High Crown
Bobo-Dioulasso,-0.011398258496432445,0.002865608119353602,0.01639410916397832,0.0041811370000000014,0.26012153799999993,0.0023161000000000015,-0.00029007100000000004,Bobo-Dioulasso,Africa,"Constraint relaxing, edge-locked","Constraint down, steep","Dense core, sparse periphery",Dense core,High Volcanic,High Volcanic
Windhoek,0.006077039036126053,0.012083724429267084,0.0110061332525061,-0.001694504999999999,-0.1478944990000004,-0.012726402999999997,0.0006862249999999999,Windhoek,Africa,"Core constraint rising, steep gradient","Constraint up, steep",Uniform dense construction,Dense uniform,Low Crown,Low Crown
Jakarta,-0.005190110964972516,-0.002719980320490034,0.015638939162044507,0.01961764499999999,-1.2349199250000007,0.04879639799999999,-0.0034408020000000006,Jakarta,Asia,"Constraint relaxing, uniform spread","Constraint down, flat","Dense core, sparse periphery",Dense core,Low Volcanic,Low Volcanic
Delhi,0.02806819197008792,-0.04174918612425621,0.005055557321686777,0.030305206,-0.32105945300000016,-0.020263049000000005,0.005148629,Delhi,Asia,Core constraint rising,"Constraint up, flat","Dense core, sparse periphery",Dense core,Low Crown,Low Crown
Antananarivo,-0.037873689482709694,0.0595366214739253,0.014565306912151521,-0.025662204999999993,0.32099999999999973,-0.013000000000000005,0.001,Antananarivo,Africa,"Constraint relaxing, edge-locked","Constraint down, steep",Uniform dense construction,Dense uniform,High Crown,High Crown
Abidjan,0.009011567890525318,-0.03742021798016748,0.0465576842358732,-0.010474388000000001,0.4325630880000002,-0.025302904999999997,0.0007244199999999999,Abidjan,Africa,Core constraint rising,"Constraint up, flat",Uniform dense construction,Dense uniform,High Crown,High Crown
Yaounde,-0.015582476709845555,0.0359486038084853,0.040807728986308245,-0.045563141,-0.21094750600000012,-0.05147425199999999,0.003723613,Yaounde,Africa,"Constraint relaxing, edge-locked","Constraint down, steep",Uniform dense construction,Dense uniform,Low Crown,Low Crown
Lusaka,-0.006121415354357229,0.00891291645265041,0.04596012110324049,-0.021262982,0.17125136900000015,-0.015107323999999998,0.0002768670000000001,Lusaka,Africa,"Constraint relaxing, edge-locked","Constraint down, steep",Uniform dense construction,Dense uniform,High Crown,High Crown
Hanoi,-0.019552071150179706,0.004700455585714497,0.014765148317128995,0.007639154999999995,1.026997999999999,-0.03677855600000002,0.0029813920000000002,Hanoi,Asia,"Constraint relaxing, edge-locked","Constraint down, steep","Dense core, sparse periphery",Dense core,High Crown,High Crown
Monterrey,0.01177716289898445,-0.013652352013032387,0.003998511593924392,0.005205398,0.5138790349999995,-0.023883508999999997,0.00231695,Monterrey,Latin America,Core constraint rising,"Constraint up, flat","Dense core, sparse periphery",Dense core,High Crown,High Crown
Buenos Aires,0.00040489406953486684,-0.004620191920877301,-0.007848116826203011,0.006701186999999997,0.9554075699999984,-0.022244898999999985,0.003750407000000004,Buenos Aires,Latin America,Core constraint rising,"Constraint up, flat","Small core, sparse periphery",Small core,High Crown,High Crown
Medan,-0.0186698120772765,0.01273977189330433,0.019020210365592316,-0.0012664079999999966,-0.9238190660000001,-0.0014306509999999911,0.000597518,Medan,Asia,"Constraint relaxing, edge-locked","Constraint down, steep",Uniform dense construction,Dense uniform,Low Crown,Low Crown
Cairo,0.004503968236520772,0.0035678168837294244,0.00372783266271437,0.0026262239999999965,-0.3975344300000003,-0.0090569,0.0007040759999999979,Cairo,Africa,"Core constraint rising, steep gradient","Constraint up, steep","Dense core, sparse periphery",Dense core,Low Crown,Low Crown
Lagos,-0.030092200013841386,0.012954175517006783,0.05224750524339905,-0.0036285700000000115,-0.0036146459999999436,-0.012771812,-0.005578775,Lagos,Africa,"Constraint relaxing, edge-locked","Constraint down, steep",Uniform dense construction,Dense uniform,Low Pyramid,Low Pyramid
Onitsha,-0.04241039185681239,0.008048605632447997,0.02328864536416886,-0.009456275,0.7442231860000001,-0.034847346,0.0016740609999999997,Onitsha,Africa,"Constraint relaxing, edge-locked","Constraint down, steep",Uniform dense construction,Dense uniform,High Crown,High Crown
Johannesburg,-0.0005120228882444233,-0.0013785870347887003,-0.0008899719283858021,0.008369349000000005,0.8506466500000007,-0.021669808999999998,0.001356567,Johannesburg,Africa,"Constraint relaxing, uniform spread","Constraint down, flat","Small core, sparse periphery",Small core,High Crown,High Crown
Kinshasa,0.03960950799980112,0.026847946401514666,-0.02225119843054113,-0.02346999500000002,0.0757683069999997,0.00942669900000001,0.0007014189999999983,Kinshasa,Africa,"Core constraint rising, steep gradient","Constraint up, steep",Uniform sparse construction,Sparse uniform,High Bowl,High Bowl
Luanda,0.1495596215032684,-0.048548624278650865,-0.1007189008142993,0.055115704,-0.3696454290000002,0.008408931000000008,0.00030870300000000045,Luanda,Africa,Core constraint rising,"Constraint up, flat","Small core, sparse periphery",Small core,Low Bowl,Low Bowl
Alexandria,-0.0031266968486660662,0.005885626003192479,-0.021330665370124735,0.0061382789999999965,0.6983881299999997,-0.018574839000000003,0.0009214830000000003,Alexandria,Africa,"Constraint relaxing, edge-locked","Constraint down, steep","Small core, sparse periphery",Small core,High Crown,High Crown
Nairobi,0.0025228694624799264,-0.007316655132849403,0.006565229280005691,-0.005989435000000001,0.6502163939999992,-0.05884901000000001,0.005131980999999999,Nairobi,Africa,Core constraint rising,"Constraint up, flat",Uniform dense construction,Dense uniform,High Crown,High Crown
Dar es Salaam,0.018746648805896937,-0.029426200919604822,0.015956014778844507,-0.014186578000000005,-0.19327246499999973,-0.018008915,0.0026211989999999994,Dar es Salaam,Africa,Core constraint rising,"Constraint up, flat",Uniform dense construction,Dense uniform,Low Crown,Low Crown
Kisumu,-0.020487128774605234,0.0025315538675354,0.005670690475590184,-0.001122933999999999,0.035669835000000205,0.0030118919999999987,-1.8997999999999997e-05,Kisumu,Africa,"Constraint relaxing, edge-locked","Constraint down, steep",Uniform dense construction,Dense uniform,High Volcanic,High Volcanic
Accra,0.020205228768193084,-0.026779588526093093,0.0434799495573584,-0.006304291999999989,-0.9178849510000004,-0.0035366960000000024,9.413399999999995e-05,Accra,Africa,Core constraint rising,"Constraint up, flat",Uniform dense construction,Dense uniform,Low Crown,Low Crown
Kano,-0.04013934783358675,0.033610579145736064,-0.018571913616944047,1.0920000000080865e-06,-0.2853797120000001,0.016685232999999994,-0.0006240690000000001,Kano,Africa,"Constraint relaxing, edge-locked","Constraint down, steep","Small core, sparse periphery",Small core,Low Volcanic,Low Volcanic
Algiers,0.008807598320205834,-0.007913835338773378,0.0026958132969324144,0.0046701271544793005,-0.28449992,0.014683331,-0.00029701399999999996,Algiers,Africa,Core constraint rising,"Constraint up, flat","Dense core, sparse periphery",Dense core,Low Volcanic,Low Volcanic
Kampala,0.005535018109761064,-0.0009741798180776251,0.0204973443958244,-0.010182438000000002,-0.7551701020000001,-0.013910386999999996,0.0016698930000000002,Kampala,Africa,Core constraint rising,"Constraint up, flat",Uniform dense construction,Dense uniform,Low Crown,Low Crown
Addis Ababa,-0.0396719585285463,0.04398176225804368,0.020159211307463565,-0.005363332000000012,0.7385307350000003,-0.048948843,0.003041319,Addis Ababa,Africa,"Constraint relaxing, edge-locked","Constraint down, steep",Uniform dense construction,Dense uniform,High Crown,High Crown
Cape Town,0.001958321074243652,0.0018023545962254084,-0.011326218498968033,0.013541432999999999,0.3261223099999988,-0.00786442000000001,0.0008828259999999997,Cape Town,Africa,"Core constraint rising, steep gradient","Constraint up, steep","Small core, sparse periphery",Small core,High Crown,High Crown
Ibadan,-0.015456561771555175,0.007256907641584209,-0.003525357221571268,-0.0029238050000000015,-0.8147707130000006,-0.029327229000000003,0.0016669280000000002,Ibadan,Africa,"Constraint relaxing, edge-locked","Constraint down, steep",Uniform sparse construction,Sparse uniform,Low Crown,Low Crown
Dakar,0.034936202254871485,-0.03112824297845962,-0.0029981316497211807,0.007548353999999993,0.16688726700000078,0.0018971490000000008,0.00041136799999999996,Dakar,Africa,Core constraint rising,"Constraint up, flat","Small core, sparse periphery",Small core,High Bowl,High Bowl
Kumasi,-0.03273869878236102,0.026537377634163528,0.041120043423884034,-0.027896574000000007,0.22128864099999923,-0.058077892,0.003416737,Kumasi,Africa,"Constraint relaxing, edge-locked","Constraint down, steep",Uniform dense construction,Dense uniform,High Crown,High Crown
Maputo,0.0008570378603638407,-0.015091225730655897,-0.006695348651897026,0.01322849000000001,0.12092178799999953,0.009159412000000006,-0.0005554079999999999,Maputo,Africa,Core constraint rising,"Constraint up, flat","Small core, sparse periphery",Small core,High Volcanic,High Volcanic
Ouagadougou,-0.016658913762207406,-0.03016050319725061,0.045507124060424065,-0.020849019999999996,-0.0008310419999997265,-0.011240242000000004,0.001123172,Ouagadougou,Africa,"Constraint relaxing, uniform spread","Constraint down, flat",Uniform dense construction,Dense uniform,Low Crown,Low Crown
Harare,-0.00911514887579018,-0.01886008556172042,0.01016227579615292,0.002110207000000003,0.1545940840000002,0.0016075910000000054,-0.0002334590000000001,Harare,Africa,"Constraint relaxing, uniform spread","Constraint down, flat","Dense core, sparse periphery",Dense core,High Volcanic,High Volcanic
Mumbai,0.006217445638332264,0.020145874402572428,-0.0187093789161219,-0.014925348000000001,-0.012010499999998814,0.00444803299999999,-0.0002769339999999995,Mumbai,Asia,"Core constraint rising, steep gradient","Constraint up, steep",Uniform sparse construction,Sparse uniform,Low Volcanic,Low Volcanic
Manila,0.0012653195701223807,0.001412958413456289,-0.005249717341784921,0.017658657000000008,0.8304364870000001,-0.03363382400000001,0.002297383,Manila,Asia,"Core constraint rising, steep gradient","Constraint up, steep","Small core, sparse periphery",Small core,High Crown,High Crown
Dhaka,-0.013025579185067249,0.014776975696930372,0.017245158415344575,-0.011337183,-0.7450304700000014,-0.008991967999999961,-0.0002088479999999976,Dhaka,Asia,"Constraint relaxing, edge-locked","Constraint down, steep",Uniform dense construction,Dense uniform,Low Pyramid,Low Pyramid
Kolkata,0.006402610037053419,-0.0046480743525162405,0.0008507956731573785,0.0033640249999999927,-0.3979578669999988,-0.005458229000000009,-0.0017723730000000007,Kolkata,Asia,Core constraint rising,"Constraint up, flat","Dense core, sparse periphery",Dense core,Low Pyramid,Low Pyramid
Bangkok,-0.006826059547558577,-0.014606118828726283,0.017028684335398336,0.0013240330000000022,-0.8064604559999999,-0.026057918999999985,0.0031105760000000003,Bangkok,Asia,"Constraint relaxing, uniform spread","Constraint down, flat","Dense core, sparse periphery",Dense core,Low Crown,Low Crown
Karachi,0.04340056123206487,-0.04063096078114253,0.006176403549347453,-0.003254470999999995,-0.9311612189999998,-0.009958407000000016,0.002233852999999999,Karachi,Asia,Core constraint rising,"Constraint up, flat",Uniform dense construction,Dense uniform,Low Crown,Low Crown
Bangalore,0.005376744282969026,0.009133115213522447,0.025445473222233672,-0.03509032100000001,-2.1024775700000005,0.042435061999999996,-0.006480521,Bangalore,Asia,"Core constraint rising, steep gradient","Constraint up, steep",Uniform dense construction,Dense uniform,Low Volcanic,Low Volcanic
Ho Chi Minh City,-0.011658544672638327,-0.00386572329863627,0.009471839002601845,0.004508100000000001,-1.2579090199999996,0.006678678000000021,-0.00047404499999999933,Ho Chi Minh City,Asia,"Constraint relaxing, uniform spread","Constraint down, flat","Dense core, sparse periphery",Dense core,Low Volcanic,Low Volcanic
Chennai,0.0036093770758311994,0.0024475558032812095,0.01021653667599598,-0.00243763000000001,-1.0711084739999999,-0.00726207999999999,0.0011204059999999991,Chennai,Asia,"Core constraint rising, steep gradient","Constraint up, steep",Uniform dense construction,Dense uniform,Low Crown,Low Crown
Hyderabad,0.007514972485948013,-0.024346244424847008,0.0017658773597525879,-0.0019456909999999994,0.7466450730000007,-0.013564461,-0.0005176509999999996,Hyderabad,Asia,Core constraint rising,"Constraint up, flat",Uniform dense construction,Dense uniform,High Pyramid,High Pyramid
Kuala Lumpur,-0.0074330534650037805,0.011775777906010892,0.015712631996688986,0.0005823745280810998,0.8253557100000002,-0.051607211,0.004329624,Kuala Lumpur,Asia,"Constraint relaxing, edge-locked","Constraint down, steep","Dense core, sparse periphery",Dense core,High Crown,High Crown
Bandung,-0.016543546832683276,0.006794630568239368,0.015013761659412372,-0.0007368260000000099,0.7483947469999999,-0.018728520000000005,0.0007003590000000002,Bandung,Asia,"Constraint relaxing, edge-locked","Constraint down, steep",Uniform dense construction,Dense uniform,High Crown,High Crown
Pune,-0.004832986700878561,-0.006377101325717893,0.011915727307475144,-0.007789298,-1.2683518229999997,0.036508837,-0.003981665,Pune,Asia,"Constraint relaxing, uniform spread","Constraint down, flat",Uniform dense construction,Dense uniform,Low Volcanic,Low Volcanic
Ahmedabad,0.014592552748498272,-0.019718292559892547,-0.0022138035821172575,-0.002016202999999994,-0.7267283549999997,0.078546915,-0.00947518,Ahmedabad,Asia,Core constraint rising,"Constraint up, flat",Uniform sparse construction,Sparse uniform,Low Volcanic,Low Volcanic
Surat,-0.010119856109273573,0.04527319287130205,-0.020329761722003292,0.004348481000000001,0.14657895999999937,0.005766806999999999,-0.001657716,Surat,Asia,"Constraint relaxing, edge-locked","Constraint down, steep","Small core, sparse periphery",Small core,High Volcanic,High Volcanic
Surabaya,0.0018978461562402793,-0.01088944301658809,0.0105132514881775,-0.00019816999999999751,-0.239235109,0.0005600149999999988,-0.00020352099999999996,Surabaya,Asia,Core constraint rising,"Constraint up, flat",Uniform dense construction,Dense uniform,Low Volcanic,Low Volcanic
Jaipur,-0.005307733068461384,-0.006996590587445728,-0.0018161930344942068,-0.0035319370000000128,-0.7340592020000001,0.008486335999999997,-0.0018316900000000002,Jaipur,Asia,"Constraint relaxing, uniform spread","Constraint down, flat",Uniform sparse construction,Sparse uniform,Low Volcanic,Low Volcanic
Phnom Penh,-0.04587400455044427,-0.010251632893647084,0.003355137966618127,0.016502691,-0.6219838669999991,0.005626879000000001,0.0001254889999999999,Phnom Penh,Asia,"Constraint relaxing, uniform spread","Constraint down, flat","Dense core, sparse periphery",Dense core,Low Bowl,Low Bowl
Denpasar,-0.027272028244354263,0.007127707638478295,0.034464488007894034,-0.0038953790000000044,-0.06372329499999996,-0.0003986300000000005,-8.9415e-05,Denpasar,Asia,"Constraint relaxing, edge-locked","Constraint down, steep",Uniform dense construction,Dense uniform,Low Pyramid,Low Pyramid
Davao,-0.011214128975179705,-0.012861868853495217,0.03611987243594117,-0.006943242000000002,-0.03864182299999985,0.009266644999999997,-0.00029141500000000016,Davao,Asia,"Constraint relaxing, uniform spread","Constraint down, flat",Uniform dense construction,Dense uniform,Low Volcanic,Low Volcanic
Semarang,-0.022111040370136115,0.008643202901893798,0.021759849613594895,-0.00031187599999999566,0.05690197900000005,-0.009067096,0.00022715899999999994,Semarang,Asia,"Constraint relaxing, edge-locked","Constraint down, steep",Uniform dense construction,Dense uniform,High Crown,High Crown
Palembang,-0.020079750351427478,0.011043474768006378,0.009860838279870277,0.005314863999999989,-0.5029801139999996,-0.009135352,0.00037734300000000004,Palembang,Asia,"Constraint relaxing, edge-locked","Constraint down, steep","Dense core, sparse periphery",Dense core,Low Crown,Low Crown
Makassar,-0.01139943447996794,-0.002715137016988306,0.011654933194134909,0.003100142,0.4807183539999995,-0.020200151,0.0008599720000000001,Makassar,Asia,"Constraint relaxing, uniform spread","Constraint down, flat","Dense core, sparse periphery",Dense core,High Crown,High Crown
Batam,-0.041058525242674504,0.0272882894100005,0.02185381978099815,-0.006791927000000001,-0.4922293280000005,-0.029381274,0.0032473529999999997,Batam,Asia,"Constraint relaxing, edge-locked","Constraint down, steep",Uniform dense construction,Dense uniform,Low Crown,Low Crown
Bandar Lampung,-0.033802813745695826,0.0066574958717622035,0.007623176625729755,0.002990473999999993,0.02512952100000021,-0.015499921,0.000520738,Bandar Lampung,Asia,"Constraint relaxing, edge-locked","Constraint down, steep","Dense core, sparse periphery",Dense core,High Crown,High Crown
Kathmandu,-0.032694167231455656,0.024048802940964842,0.01782207622156845,-0.0004914089999999982,-1.1697345739999996,-0.01942161499999999,0.001539342,Kathmandu,Asia,"Constraint relaxing, edge-locked","Constraint down, steep",Uniform dense construction,Dense uniform,Low Crown,Low Crown
Sao Paulo,0.0027738677720072075,-0.004697879426994733,-0.00607425738111933,0.03330422509519,0.45439176000000003,-0.024718444999999978,0.005243976000000004,Sao Paulo,Latin America,Core constraint rising,"Constraint up, flat","Small core, sparse periphery",Small core,High Crown,High Crown
Mexico City,0.00024234641552953184,-0.008056554897281298,-0.009145870254431254,0.01688189100000001,-0.5304837480000009,0.019193591999999995,-0.0028134479999999996,Mexico City,Latin America,Core constraint rising,"Constraint up, flat","Small core, sparse periphery",Small core,Low Volcanic,Low Volcanic
Rio de Janeiro,0.0018496165881891624,-0.0054372036955998015,-0.004869084439622362,0.022591984000000002,-0.30699977999999994,-0.007887309000000009,0.002413084999999999,Rio de Janeiro,Latin America,Core constraint rising,"Constraint up, flat","Small core, sparse periphery",Small core,Low Crown,Low Crown
Lima,0.03804041885062978,0.004726779143556903,-0.006304926798849864,0.010183708,-0.551118658,-0.0016726689999999877,-0.0005471170000000002,Lima,Latin America,"Core constraint rising, steep gradient","Constraint up, steep","Small core, sparse periphery",Small core,Low Pyramid,Low Pyramid
Bogota,0.014489455167082499,0.0002448994994688203,0.007770485748277101,-2.1696000000001603e-05,0.018516887000000537,-0.058766506,0.008407806,Bogota,Latin America,"Core constraint rising, steep gradient","Constraint up, steep",Uniform dense construction,Dense uniform,High Crown,High Crown
Guadalajara,0.005130019790900983,-0.005019241651132433,-0.007248774880028952,0.003931575999999992,-1.0228474089999997,0.026656919000000008,-0.001422578,Guadalajara,Latin America,Core constraint rising,"Constraint up, flat","Small core, sparse periphery",Small core,Low Volcanic,Low Volcanic
Belo Horizonte,-0.0040445423854311435,0.0026556836354775792,0.014690839371272524,0.002921380000000001,0.1985551000000001,-0.002863917999999993,0.00021966699999999978,Belo Horizonte,Latin America,"Constraint relaxing, edge-locked","Constraint down, steep","Dense core, sparse periphery",Dense core,High Crown,High Crown
Brasilia,-0.00232174379951966,-0.0082631239591133,0.004001078710575812,0.0016696299999999992,-0.0007930600000012333,-0.0005017429999999989,1.0629999999990647e-06,Brasilia,Latin America,"Constraint relaxing, uniform spread","Constraint down, flat","Dense core, sparse periphery",Dense core,Low Crown,Low Crown
Guatemala City,-0.002763658106695155,-0.006065486012180599,-0.00460666481134131,0.006657918999999998,0.23231762799999967,0.003005382000000001,7.586400000000014e-05,Guatemala City,Latin America,"Constraint relaxing, uniform spread","Constraint down, flat","Small core, sparse periphery",Small core,High Bowl,High Bowl
Salvador,0.0045441512210627755,-0.004172324824818607,0.024615833604095805,-0.0011065479999999989,-0.7249384699999997,0.005244921,-0.00011217299999999927,Salvador,Latin America,Core constraint rising,"Constraint up, flat",Uniform dense construction,Dense uniform,Low Volcanic,Low Volcanic
La Paz,-0.010066809441888203,-0.009452269372179078,0.015881596227113104,0.009735319999999992,1.4779126299999987,-0.003930130000000004,-0.00011717299999999993,La Paz,Latin America,"Constraint relaxing, uniform spread","Constraint down, flat","Dense core, sparse periphery",Dense core,High Pyramid,High Pyramid
Guayaquil,0.01172062609344876,-0.011643997224980607,0.03076093611943087,0.00033639399999998987,-1.089777658,0.04696566600000002,-0.0035043080000000002,Guayaquil,Latin America,Core constraint rising,"Constraint up, flat","Dense core, sparse periphery",Dense core,Low Volcanic,Low Volcanic
Santo Domingo,0.00407724416824623,-0.0024775701556589147,0.018391528906376464,-0.009334480000000006,-0.24891271600000042,-0.0029513879999999992,0.0005023680000000002,Santo Domingo,Latin America,Core constraint rising,"Constraint up, flat",Uniform dense construction,Dense uniform,Low Crown,Low Crown
Medellin,0.0017467416292588078,-0.010845754181465217,0.00520675349815064,-0.007985548999999995,-1.123873788000001,0.020665833999999994,-0.001214292,Medellin,Latin America,Core constraint rising,"Constraint up, flat",Uniform dense construction,Dense uniform,Low Volcanic,Low Volcanic
Cali,0.01859655160379242,-0.022173642143948902,-0.004527580905224204,0.003441351000000009,-0.25857163800000027,0.0014280610000000013,-7.489700000000001e-05,Cali,Latin America,Core constraint rising,"Constraint up, flat","Small core, sparse periphery",Small core,Low Volcanic,Low Volcanic
Quito,-0.01157567159417261,0.0006797929910193068,0.013760303518358274,-0.001423340000000002,-0.12709931900000093,-0.0009544500000000095,-8.973800000000001e-05,Quito,Latin America,"Constraint relaxing, edge-locked","Constraint down, steep",Uniform dense construction,Dense uniform,Low Pyramid,Low Pyramid
Tegucigalpa,0.0006241826739369905,0.002059423909627378,0.018428223452166492,-0.010390866000000012,-0.32038815900000017,0.004493585000000001,6.488299999999995e-05,Tegucigalpa,Latin America,"Core constraint rising, steep gradient","Constraint up, steep",Uniform dense construction,Dense uniform,Low Bowl,Low Bowl
Leon,-0.0063341120979957255,-0.005458806593341026,-0.00577830681078384,0.010719647999999998,-0.8458149309999996,0.036783006,-0.0018119949999999998,Leon,Latin America,"Constraint relaxing, uniform spread","Constraint down, flat","Small core, sparse periphery",Small core,Low Volcanic,Low Volcanic
Puebla,-0.011362531155695854,0.013712936266516984,-0.01714008503134168,0.008676202999999993,-0.5694585479999992,-0.0011740059999999913,0.0004940230000000001,Puebla,Latin America,"Constraint relaxing, edge-locked","Constraint down, steep","Small core, sparse periphery",Small core,Low Crown,Low Crown
San Jose,-0.012298181638163264,-0.0022939746924934,0.010572298679939751,-0.000492658,-0.03406927799999959,0.0010532159999999992,0.00027741700000000007,San Jose,Latin America,"Constraint relaxing, uniform spread","Constraint down, flat",Uniform dense construction,Dense uniform,Low Bowl,Low Bowl
Managua,-0.000141252326249508,-0.004541320594582288,0.00798497145481497,-0.0008645569999999984,0.07405772099999997,-0.008717055000000001,0.000354065,Managua,Latin America,"Constraint relaxing, uniform spread","Constraint down, flat",Uniform dense construction,Dense uniform,High Crown,High Crown
Port-au-Prince,-0.009603394889374617,0.005727634117852876,-0.010140747659397875,-0.002581154999999974,-0.2532401120000003,0.012341351,-0.0006407350000000001,Port-au-Prince,Latin America,"Constraint relaxing, edge-locked","Constraint down, steep",Uniform sparse construction,Sparse uniform,Low Volcanic,Low Volcanic
Merida,0.0036800739419474843,-0.008282459772683493,-0.01316686622689639,0.003369388000000001,0.06896888100000043,-0.001478175,4.16e-05,Merida,Latin America,Core constraint rising,"Constraint up, flat","Small core, sparse periphery",Small core,High Crown,High Crown
Cancun,-0.00526975114929229,0.0101129519101395,0.00734077823811724,-0.0009159219999999996,0.03994957699999979,-0.011887901999999999,0.000888448,Cancun,Latin America,"Constraint relaxing, edge-locked","Constraint down, steep",Uniform dense construction,Dense uniform,High Crown,High Crown
Queretaro,-0.022800965052911626,-0.0010899452066423232,0.007928531108792436,0.00399712,-0.6322471399999996,0.01039764,-0.0002548940000000001,Queretaro,Latin America,"Constraint relaxing, uniform spread","Constraint down, flat","Dense core, sparse periphery",Dense core,Low Volcanic,Low Volcanic
Acapulco,-0.004290610150431584,0.005329474042386595,0.018015637318568978,-0.003313383000000003,-0.09882717799999963,-0.015309978000000002,0.0007595280000000002,Acapulco,Latin America,"Constraint relaxing, edge-locked","Constraint down, steep",Uniform dense construction,Dense uniform,Low Crown,Low Crown
San Salvador,0.003555841879209709,-0.014737697865731397,0.001437584519098145,0.0006022249999999979,-0.3323646249999994,0.015630553999999998,-0.000413062,San Salvador,Latin America,Core constraint rising,"Constraint up, flat","Dense core, sparse periphery",Dense core,Low Volcanic,Low Volcanic
Asuncion,0.007655033199187367,-0.01224262313481031,0.007407456676538748,0.009932505999999994,-0.09933290099999947,0.013316185000000001,-0.001036547,Asuncion,Latin America,Core constraint rising,"Constraint up, flat","Dense core, sparse periphery",Dense core,Low Volcanic,Low Volcanic
